{"url": "https://www.youm7.com/rss/rss", "title": "RSS - \u0627\u0644\u064a\u0648\u0645 \u0627\u0644\u0633\u0627\u0628\u0639", "content": "<!DOCTYPE html>\n<html lang=\"ar\">\n<head>\n<meta content=\"charset=utf-8\" http-equiv=\"Content-Type\"/>\n<meta content=\"width=device-width, initial-scale=1.0, maximum-scale=1.0, user-scalable=0\" name=\"viewport\"/>\n<link href=\"https://img.youm7.com/images/graphics/favicon.ico\" rel=\"shortcut icon\" type=\"image/x-icon\"/>\n<link href=\"/apple-touch-icon.png\" rel=\"apple-touch-icon\" sizes=\"180x180\"/>\n<link href=\"/favicon-32x32.png\" rel=\"icon\" sizes=\"32x32\" type=\"image/png\"/>\n<link href=\"/favicon-16x16.png\" rel=\"icon\" sizes=\"16x16\" type=\"image/png\"/>\n<link href=\"/site.webmanifest\" rel=\"manifest\"/>\n<link color=\"#5bbad5\" href=\"/safari-pinned-tab.svg\" rel=\"mask-icon\"/>\n<link href=\"https://www.youm7.com/rss/rss\" rel=\"canonical\"/>\n<meta content=\"#da532c\" name=\"msapplication-TileColor\"/>\n<meta content=\"#ffffff\" name=\"theme-color\"/>\n<title>RSS - \u0627\u0644\u064a\u0648\u0645 \u0627\u0644\u0633\u0627\u0628\u0639</title>\n<link href=\"/assets/css/globalstyle.css?Ver0.1\" rel=\"stylesheet\"/>\n<link href=\"/assets/css/StyleSection.css\" rel=\"stylesheet\"/>\n<link href=\"/assets/css/bootstrap.min.css\" rel=\"stylesheet\" type=\"text/css\"/>\n<link href=\"/css/textfont/droidarabickufi.css\" rel=\"stylesheet\" type=\"text/css\"/>\n<link href=\"/css/font-awesome.min.css\" media=\"all\" rel=\"stylesheet\" type=\"text/css\"/>\n<script src=\"/assets/scripts/jquery-3.6.0.min.js\"></script>\n<script defer=\"\" src=\"/assets/scripts/lozad.min.js\"></script>\n<script defer=\"\" src=\"/assets/scripts/globalFunctions.js\"></script>\n<!--Slider-->\n<script type=\"application/ld+json\">\r\n        {\r\n           \"@context\": \"http://schema.org\",\r\n           \"@type\": \"WebSite\",\r\n           \"url\": \"https://www.youm7.com/\",\r\n           \"potentialAction\": {\r\n             \"@type\": \"SearchAction\",\r\n             \"target\": \"https://www.youm7.com/Home/Search?allwords=%D9%85%D8%B5%D8%B1{search_term_string}\",\r\n             \"query-input\": \"required name=search_term_string\"\r\n           }\r\n        }\r\n    </script>\n<!-- CSS-->\n<link href=\"/bundle/Mainstyles?V=HJHJHJHJHSDFAA\" rel=\"stylesheet\"/>\n<!--Slider-->\n<script src=\"/bundle/Headcript?X=HJHJHJHJHJHJHJ\"></script>\n<script src=\"/Scripts/jquery.simplePagination.js?hggjhgj\"></script>\n<script src=\"/Scripts/script.js?v=34ggg56789\"></script>\n<script src=\"/Scripts/layoutscripts.js?v=3456ddd7890\"></script>\n<!-- Start Google Analytics Final  -->\n<script async=\"\" src=\"https://www.googletagmanager.com/gtag/js?id=G-J7S2SZJ3N7\"></script>\n<script>\r\n\t\t  window.dataLayer = window.dataLayer || [];\r\n\t\t  function gtag(){dataLayer.push(arguments);}\r\n\t\t  gtag('js', new Date());\r\n\r\n\t\t  gtag('config', 'G-J7S2SZJ3N7');\r\n\t\t</script>\n<!-- End Google Analytics Final  -->\n<!-- Google tag (gtag.js) Migrate Throw system -->\n<script async=\"\" src=\"https://www.googletagmanager.com/gtag/js?id=G-H8MKMTR56J\"></script>\n<script>\r\n\t\t  window.dataLayer = window.dataLayer || [];\r\n\t\t  function gtag(){dataLayer.push(arguments);}\r\n\t\t  gtag('js', new Date());\r\n\r\n\t\t  gtag('config', 'G-H8MKMTR56J');\r\n\t\t</script>\n<!-- Google tag (gtag.js) Migrate Throw system -->\n<script>!(function () { window.googletag = window.googletag || {}; window.vmpbjs = window.vmpbjs || {}; window.vpb = window.vpb || {}; vpb.fastLoad = true; googletag.cmd = googletag.cmd || []; vmpbjs.cmd = vmpbjs.cmd || []; var cmds = []; try { cmds = googletag.cmd.slice(0); googletag.cmd.length = 0; } catch (e) { } var ready = false; function exec(cb) { return cb.call(googletag); } var overriden = false; googletag.cmd.push(function () { overriden = true; googletag.cmd.unshift = function (cb) { if (ready) { return exec(cb); } cmds.unshift(cb); if (cb._startgpt) { ready = true; for (var k = 0; k < cmds.length; k++) { exec(cmds[k]); } } }; googletag.cmd.push = function (cb) { if (ready) { return exec(cb); } cmds.push(cb); }; }); if (!overriden) { googletag.cmd.push = function (cb) { cmds.push(cb); }; googletag.cmd.unshift = function (cb) { cmds.unshift(cb); if (cb._startgpt) { ready = true; if (googletag.apiReady) { cmds.forEach(function (cb) { googletag.cmd.push(cb); }); } else { googletag.cmd = cmds; } } }; } var dayMs = 36e5, cb = parseInt(Date.now() / dayMs), vpbSrc = '//player.adtcdn.com/prebidlink/' + cb + '/wrapper_hb_450996_11982.js', pbSrc = vpbSrc.replace('wrapper_hb', 'hb'), gptSrc = '//securepubads.g.doubleclick.net/tag/js/gpt.js', c = document.head || document.body || document.documentElement; function loadScript(src, cb) { var s = document.createElement('script'); s.src = src; s.defer = false; c.appendChild(s); s.onload = cb; s.onerror = function () { var fn = function () { }; fn._startgpt = true; googletag.cmd.unshift(fn); }; return s; } loadScript(pbSrc); loadScript(gptSrc); loadScript(vpbSrc); })()</script>\n<!-- DFP POD Start -->\n<script async=\"async\" src=\"https://securepubads.g.doubleclick.net/tag/js/gpt.js\"></script>\n<script>\r\n        var googletag = googletag || {};\r\n        googletag.cmd = googletag.cmd || [];\r\n    </script>\n<script>\r\n        googletag.cmd.push(function () {\r\n            googletag.defineSlot('/21823462148/Youm7-Mob-HP-LB', [[320, 100], [320, 50], [300, 100], [300, 50]], 'div-gpt-ad-1562751231009-0').addService(googletag.pubads());\r\n            googletag.defineSlot('/21823462148/Mob_HP_MPU1', [[250, 250], [300, 250], [336, 280], [200, 200]], 'div-gpt-ad-1559338756559-0').addService(googletag.pubads());\r\n            googletag.defineSlot('/21823462148/Mob_HP_MPU2', [[250, 250], [336, 280], [200, 200], [300, 250]], 'div-gpt-ad-1559680890216-0').addService(googletag.pubads());\r\n            googletag.defineSlot('/21823462148/MOb_HP_Sticky320*50', [320, 50], 'div-gpt-ad-1559339009983-0').addService(googletag.pubads());\r\n\r\n            googletag.pubads().enableLazyLoad({\r\n                fetchMarginPercent: 200,\r\n                renderMarginpercent: 100,\r\n                mobileScaling: 1.0\r\n            })\r\n\r\n            googletag.pubads().enableSingleRequest();\r\n            googletag.enableServices();\r\n        });\r\n    </script>\n<!-- DFP POD End -->\n<!-- Google Tag Manager -->\n<script>\r\n        (function (w, d, s, l, i) {\r\n            w[l] = w[l] || []; w[l].push({\r\n                'gtm.start':\r\n                    new Date().getTime(), event: 'gtm.js'\r\n            }); var f = d.getElementsByTagName(s)[0],\r\n                j = d.createElement(s), dl = l != 'dataLayer' ? '&l=' + l : ''; j.async = true; j.src =\r\n                    'https://www.googletagmanager.com/gtm.js?id=' + i + dl; f.parentNode.insertBefore(j, f);\r\n        })(window, document, 'script', 'dataLayer', 'GTM-MP7CXZG');</script>\n<!-- End Google Tag Manager -->\n</head>\n<body class=\"body\">\n<!-- Google Tag Manager (noscript) -->\n<noscript>\n<iframe height=\"0\" src=\"https://www.googletagmanager.com/ns.html?id=GTM-KQDKW3\" style=\"display:none;visibility:hidden\" width=\"0\"></iframe>\n</noscript>\n<!-- End Google Tag Manager (noscript) -->\n<div class=\"o-wrapper\" id=\"o-wrapper\">\n<header>\n<div class=\"NewGrayBarTop\">\n<div class=\"date-header\">\n</div>\n<div class=\"clear\"></div>\n</div>\n<!--Logo Menu DesktopV-->\n<div class=\"MainHeaderTop\">\n<!--Menu Button-->\n<div class=\"MainMenu\">\n<button aria-label=\"MenuButton\" class=\"c-button\" id=\"c-button--push-right\">\n<i aria-hidden=\"true\" class=\"fa fa-bars\"></i>\n</button>\n</div>\n<!--Logo And Chef-->\n<div class=\"logOAndChef\">\n<a class=\"logoImg\" href=\"/\">\n<img alt=\"\u0627\u0644\u064a\u0648\u0645 \u0627\u0644\u0633\u0627\u0628\u0639\" class=\"img-responsive animated zoomIn\" src=\"https://img.youm7.com/images/graphics/logoyoum7eidomal.png\" title=\"\u0627\u0644\u064a\u0648\u0645 \u0627\u0644\u0633\u0627\u0628\u0639\"/>\n<!--<img src=\"https://img.youm7.com/ArticleImgs/2019/12/31/53975-logo2020.png\" class=\"img-responsive animated zoomIn\" title=\"\u0627\u0644\u064a\u0648\u0645 \u0627\u0644\u0633\u0627\u0628\u0639\" alt=\"\u0627\u0644\u064a\u0648\u0645 \u0627\u0644\u0633\u0627\u0628\u0639\">-->\n</a>\n<img alt=\"\u0623\u0643\u0631\u0645 \u0627\u0644\u0642\u0635\u0627\u0635 - \u0639\u0644\u0627 \u0627\u0644\u0634\u0627\u0641\u0639\u064a\" class=\"img-responsive chief\" height=\"19px\" src=\"/assets/images/TarwesaaMob2023.png\" title=\"\u0623\u0643\u0631\u0645 \u0627\u0644\u0642\u0635\u0627\u0635 - \u0639\u0644\u0627 \u0627\u0644\u0634\u0627\u0641\u0639\u064a\" width=\"140px\"/>\n</div>\n<!-- search icon -->\n<div class=\"SearChBlockIcon\">\n<i class=\"fa fa-search\"></i>\n</div>\n<!--Desktop Version-->\n<div class=\"DesktopV\">\n<a aria-label=\"DesktopVR\" class=\"full-v\" href=\"https://m2.youm7.com\" rel=\"nofollow\">\n<img alt=\"\u0627\u0644\u0646\u0633\u062e\u0647 \u0627\u0644\u0643\u0627\u0645\u0644\u0629\" class=\"img-responsive animated fadeInRight\" height=\"28px\" src=\"/assets/images/desktopVirsion.webp\" title=\"\u0627\u0644\u0646\u0633\u062e\u0647 \u0627\u0644\u0643\u0627\u0645\u0644\u0629\" width=\"32px\"/>\n</a>\n</div>\n<!--Search-->\n<div class=\"SearchAreaForm\">\n<form>\n<input class=\"SearchQuery\" placeholder=\"\u0627\u0644\u0628\u062d\u062b\" type=\"text\"/>\n<button class=\"SeaRchBtn\" type=\"button\">\u0628\u062d\u062b</button>\n</form>\n<div class=\"clear\"></div>\n</div>\n<div class=\"clear\"></div>\n</div>\n</header>\n<!--Body Start-->\n<main class=\"container body-cont\">\n<section class=\"container bodyCon secBody\">\n<div class=\"rssCont\">\n<div class=\"col-xs-6\">\n<a href=\"https://m.youm7.com/rss/SectionRss?SectionID=203\">\u0623\u062e\u0628\u0627\u0631 \u0639\u0627\u062c\u0644\u0629</a>\n</div>\n<!-- -->\n<div class=\"col-xs-6\">\n<a href=\"https://m.youm7.com/rss/SectionRss?SectionID=319\">\u0633\u064a\u0627\u0633\u0629</a>\n</div>\n<!-- -->\n<div class=\"col-xs-6\">\n<a href=\"https://m.youm7.com/rss/SectionRss?SectionID=319\">\u062d\u0648\u0627\u062f\u062b</a>\n</div>\n<!-- -->\n<div class=\"col-xs-6\">\n<a href=\"https://m.youm7.com/rss/SectionRss?SectionID=97\">\u062a\u0642\u0627\u0631\u064a\u0631 \u0645\u0635\u0631\u064a\u0629</a>\n</div>\n<!-- -->\n<div class=\"col-xs-6\">\n<a href=\"https://m.youm7.com/rss/SectionRss?SectionID=296\">\u0623\u062e\u0628\u0627\u0631 \u0645\u062d\u0627\u0641\u0638\u0627\u062a</a>\n</div>\n<!-- -->\n<div class=\"col-xs-6\">\n<a href=\"https://m.youm7.com/rss/SectionRss?SectionID=297\">\u0627\u0642\u062a\u0635\u0627\u062f \u0648\u0628\u0648\u0631\u0635\u0629</a>\n</div>\n<!-- -->\n<div class=\"col-xs-6\">\n<a href=\"https://m.youm7.com/rss/SectionRss?SectionID=298\">\u0623\u062e\u0628\u0627\u0631 \u0627\u0644\u0631\u064a\u0627\u0636\u0629</a>\n</div>\n<!-- -->\n<div class=\"col-xs-6\">\n<a href=\"https://m.youm7.com/rss/SectionRss?SectionID=332\">\u0643\u0631\u0629 \u0639\u0627\u0644\u0645\u064a\u0629</a>\n</div>\n<!-- -->\n<div class=\"col-xs-6\">\n<a href=\"https://m.youm7.com/rss/SectionRss?SectionID=84\">\u0641\u0646</a>\n</div>\n<!-- -->\n<div class=\"col-xs-6\">\n<a href=\"https://m.youm7.com/rss/SectionRss?SectionID=251\">\u062a\u0644\u064a\u0641\u0632\u064a\u0648\u0646</a>\n</div>\n<!-- -->\n<div class=\"col-xs-6\">\n<a href=\"https://m.youm7.com/rss/SectionRss?SectionID=88\">\u0623\u062e\u0628\u0627\u0631 \u0639\u0631\u0628\u064a\u0629</a>\n</div>\n<!-- -->\n<div class=\"col-xs-6\">\n<a href=\"https://m.youm7.com/rss/SectionRss?SectionID=286\">\u0623\u062e\u0628\u0627\u0631 \u0639\u0627\u0644\u0645\u064a\u0629</a>\n</div>\n<!-- -->\n<div class=\"col-xs-6\">\n<a href=\"https://m.youm7.com/rss/SectionRss?SectionID=94\">\u062b\u0642\u0627\u0641\u0629</a>\n</div>\n<!-- -->\n<div class=\"col-xs-6\">\n<a href=\"https://m.youm7.com/rss/SectionRss?SectionID=89\">\u0627\u0644\u0645\u0631\u0623\u0629 \u0648\u0627\u0644\u0645\u0646\u0648\u0639\u0627\u062a</a>\n</div>\n<!-- -->\n<div class=\"col-xs-6\">\n<a href=\"https://m.youm7.com/rss/SectionRss?SectionID=245\">\u0635\u062d\u0629 \u0648 \u0637\u0628</a>\n</div>\n<!-- -->\n<div class=\"col-xs-6\">\n<a href=\"https://m.youm7.com/rss/SectionRss?SectionID=328\">\u0639\u0644\u0648\u0645 \u0648 \u062a\u0643\u0646\u0648\u0644\u0648\u062c\u064a\u0627</a>\n</div>\n<!-- -->\n<div class=\"col-xs-6\">\n<a href=\"https://m.youm7.com/rss/SectionRss?SectionID=335\">\u0635\u062d\u0627\u0641\u0629 \u0627\u0644\u0645\u0648\u0627\u0637\u0646</a>\n</div>\n<!-- -->\n<div class=\"col-xs-6\">\n<a href=\"https://m.youm7.com/rss/SectionRss?SectionID=291\">\u0623\u0644\u0628\u0648\u0645\u0627\u062a \u0627\u0644\u064a\u0648\u0645 \u0627\u0644\u0633\u0627\u0628\u0639</a>\n</div>\n</div>\n<!--Content End-->\n</section>\n</main>\n<!--Body End-->\n<div class=\"mobileAdvFooter\">\n<div class=\"d-flex align-items-center justify-content-center mobileAdvFooterIcons\">\n<!--ios-->\n<a href=\"https://itunes.apple.com/eg/app/id989792325\" rel=\"nofollow\" target=\"_blank\">\n<img alt=\"\u0627\u0644\u064a\u0648\u0645 \u0627\u0644\u0633\u0627\u0628\u0639\" height=\"48px\" loading=\"lazy\" src=\"/images/footer/applebtn.webp\" title=\"\u0627\u0644\u064a\u0648\u0645 \u0627\u0644\u0633\u0627\u0628\u0639\" width=\"48px\"/>\n</a>\n<!--android-->\n<a href=\"https://play.google.com/store/apps/details?id=com.youm7.news&amp;hl=en\" rel=\"nofollow\" target=\"_blank\">\n<img alt=\"\u0627\u0644\u064a\u0648\u0645 \u0627\u0644\u0633\u0627\u0628\u0639\" height=\"48px\" loading=\"lazy\" src=\"/images/footer/androidbtn.webp\" title=\"\u0627\u0644\u064a\u0648\u0645 \u0627\u0644\u0633\u0627\u0628\u0639\" width=\"48px\"/>\n</a>\n<a href=\"https://appgallery.cloud.huawei.com/ag/n/app/C100093169?locale=en_US&amp;source=appshare&amp;subsource=C100093169\" rel=\"nofollow\" target=\"_blank\">\n<img alt=\"\u0647\u0648\u0627\u0648\u0649\" class=\"img-responsive\" height=\"48px\" loading=\"lazy\" src=\"/images/footer/huaweibtn.webp\" title=\"\u0647\u0648\u0627\u0648\u0649\" width=\"48px\"/>\n</a>\n</div>\n<img alt=\"Youm7 Applcation Icons\" class=\"mobileAdvFooterImg\" height=\"230px\" loading=\"lazy\" src=\"/assets/images/Web-Mobile-Bg.webp\" title=\"Youm7 Applcation Icons\" width=\"400px\"/>\n</div>\n<div class=\"footer-logo\">\n<a href=\"https://www.youm7.com/\">\n<img alt=\"\u0627\u0644\u064a\u0648\u0645 \u0627\u0644\u0633\u0627\u0628\u0639\" class=\"img-responsive\" height=\"204px\" loading=\"lazy\" src=\"/images/footer/Logo-footer-2.webp\" title=\"\u0627\u0644\u064a\u0648\u0645 \u0627\u0644\u0633\u0627\u0628\u0639\" width=\"183px\"/>\n</a>\n</div>\n<div class=\"footer-menu margin0\">\n<div class=\"TwoColl\">\n<h2><a href=\"/\">\u0627\u0644\u0631\u0626\u064a\u0633\u064a\u0629</a></h2>\n<h2><a href=\"/Section/\u0623\u062e\u0628\u0627\u0631-\u0639\u0627\u062c\u0644\u0629/65/1\"> \u0639\u0627\u062c\u0644 </a></h2>\n<h2><a href=\"/Section/\u0633\u064a\u0627\u0633\u0629/319/1\"> \u0633\u064a\u0627\u0633\u0629 </a></h2>\n<h2><a href=\"/Section/\u062a\u0642\u0627\u0631\u064a\u0631-\u0645\u0635\u0631\u064a\u0629/97/1\"> \u062a\u0642\u0627\u0631\u064a\u0631 </a></h2>\n<h2><a href=\"/Section/\u062d\u0648\u0627\u062f\u062b/203/1\"> \u062d\u0648\u0627\u062f\u062b </a></h2>\n<h2><a href=\"/Section/\u0623\u062e\u0628\u0627\u0631-\u0627\u0644\u0645\u062d\u0627\u0641\u0638\u0627\u062a/296/1\"> \u0645\u062d\u0627\u0641\u0638\u0627\u062a </a></h2>\n<h2><a href=\"/Section/\u062a\u062d\u0642\u064a\u0642\u0627\u062a-\u0648\u0645\u0644\u0641\u0627\u062a/12/1\"> \u062a\u062d\u0642\u064a\u0642\u0627\u062a </a></h2>\n<h2><a href=\"/Section/\u0623\u062e\u0628\u0627\u0631-\u0627\u0644\u0631\u064a\u0627\u0636\u0629/298/1\"> \u0631\u064a\u0627\u0636\u0629 </a></h2>\n<h2><a href=\"/Section/\u0643\u0631\u0629-\u0639\u0627\u0644\u0645\u064a\u0629/332/1\"> \u0643\u0631\u0629 \u0639\u0627\u0644\u0645\u064a\u0629 </a></h2>\n<h2><a href=\"/Section/\u0627\u0642\u062a\u0635\u0627\u062f-\u0648\u0628\u0648\u0631\u0635\u0629/297/1\"> \u0627\u0642\u062a\u0635\u0627\u062f \u0648\u0628\u0648\u0631\u0635\u0629 </a></h2>\n<h2><a href=\"/Section/\u0643\u0627\u0631\u064a\u0643\u0627\u062a\u064a\u0631-\u0627\u0644\u064a\u0648\u0645/192/1\"> \u0643\u0627\u0631\u064a\u0643\u0627\u062a\u064a\u0631 </a></h2>\n</div>\n<div class=\"TwoColl\">\n<h2><a href=\"/Section/\u0623\u062e\u0628\u0627\u0631-\u0639\u0631\u0628\u064a\u0629/88/1\"> \u0639\u0631\u0628 </a></h2>\n<h2><a href=\"/Section/\u0623\u062e\u0628\u0627\u0631-\u0639\u0627\u0644\u0645\u064a\u0629/286/1\"> \u0639\u0627\u0644\u0645 </a></h2>\n<h2><a href=\"/Section/\u0641\u0646/48/1\"> \u0641\u0646 </a></h2>\n<h2><a href=\"/Section/\u062d\u0638\u0643-\u0627\u0644\u064a\u0648\u0645/330/1\"> \u062d\u0638\u0643 \u0627\u0644\u064a\u0648\u0645</a></h2>\n<h2><a href=\"/Section/\u062a\u0644\u064a\u0641\u0632\u064a\u0648\u0646/251/1\"> \u062a\u0644\u064a\u0641\u0632\u064a\u0648\u0646 </a></h2>\n<h2><a href=\"/Section/\u062b\u0642\u0627\u0641\u0629/94/1\"> \u062b\u0642\u0627\u0641\u0629 </a></h2>\n<h2><a href=\"/Section/\u0627\u0644\u0645\u0631\u0623\u0629-\u0648\u0627\u0644\u0645\u0646\u0648\u0639\u0627\u062a/89/1\"> \u0645\u0631\u0623\u0629 \u0648 \u0645\u0646\u0648\u0639\u0627\u062a </a></h2>\n<h2><a href=\"/Section/\u0635\u062d\u0629-\u0648\u0637\u0628/245/1\"> \u0635\u062d\u0629 </a></h2>\n<h2><a href=\"/Section/\u0623\u0644\u0628\u0648\u0645\u0627\u062a-\u0627\u0644\u064a\u0648\u0645-\u0627\u0644\u0633\u0627\u0628\u0639/291/1\"> \u0623\u0644\u0628\u0648\u0645\u0627\u062a </a></h2>\n<h2><a href=\"/Editor/AllEditors\"> \u0645\u0642\u0627\u0644\u0627\u062a </a></h2>\n<h2><a href=\"/Section/\u0639\u0644\u0648\u0645-\u0648-\u062a\u0643\u0646\u0648\u0644\u0648\u062c\u064a\u0627/328/1\"> \u062a\u0643\u0646\u0648\u0644\u0648\u062c\u064a\u0627 </a></h2>\n<h2><a href=\"/Section/\u0641\u064a\u062f\u064a\u0648-7/355/1\">\u0641\u064a\u062f\u064a\u0648 7</a></h2>\n</div>\n<div class=\"clear\"></div>\n</div>\n<div class=\"social-new-ico\">\n<!--facebook-->\n<a href=\"http://www.facebook.com/youm7\" rel=\"nofollow\" target=\"_blank\">\n<img alt=\"\u0627\u0644\u064a\u0648\u0645 \u0627\u0644\u0633\u0627\u0628\u0639\" class=\"img-responsive\" height=\"20px\" src=\"/images/footer/Facebook-c.png\" title=\"\u0627\u0644\u064a\u0648\u0645 \u0627\u0644\u0633\u0627\u0628\u0639\" width=\"20px\"/>\n</a>\n<!--twitter-->\n<!--instagram-->\n<a href=\"http://instagram.com/youm7\" rel=\"nofollow\" target=\"_blank\">\n<img alt=\"\u0627\u0644\u064a\u0648\u0645 \u0627\u0644\u0633\u0627\u0628\u0639\" class=\"img-responsive\" height=\"20px\" src=\"/images/footer/Instagram-c.png\" title=\"\u0627\u0644\u064a\u0648\u0645 \u0627\u0644\u0633\u0627\u0628\u0639\" width=\"20px\"/>\n</a>\n<!--youtube-->\n<a href=\"http://www.youtube.com/user/mubasheryoum7\" rel=\"nofollow\" target=\"_blank\">\n<img alt=\"\u0627\u0644\u064a\u0648\u0645 \u0627\u0644\u0633\u0627\u0628\u0639\" class=\"img-responsive\" height=\"20px\" src=\"/images/footer/Youtube-c.png\" title=\"\u0627\u0644\u064a\u0648\u0645 \u0627\u0644\u0633\u0627\u0628\u0639\" width=\"20px\"/>\n</a>\n<!--rss-->\n<a href=\"/rss/rss\" target=\"_blank\">\n<img alt=\"\u0627\u0644\u064a\u0648\u0645 \u0627\u0644\u0633\u0627\u0628\u0639\" class=\"img-responsive\" height=\"20px\" src=\"/images/footer/RSS-c.png\" title=\"\u0627\u0644\u064a\u0648\u0645 \u0627\u0644\u0633\u0627\u0628\u0639\" width=\"20px\"/>\n</a>\n<!--ios-->\n<a href=\"https://itunes.apple.com/eg/app/id463738813\" rel=\"nofollow\" target=\"_blank\">\n<img alt=\"\u0627\u0644\u064a\u0648\u0645 \u0627\u0644\u0633\u0627\u0628\u0639\" class=\"img-responsive\" height=\"20px\" src=\"/images/footer/Apple-c.png\" title=\"\u0627\u0644\u064a\u0648\u0645 \u0627\u0644\u0633\u0627\u0628\u0639\" width=\"20px\"/>\n</a>\n<!--android-->\n<a href=\"https://play.google.com/store/apps/details?id=com.youm7.news&amp;hl=en\" rel=\"nofollow\" target=\"_blank\">\n<img alt=\"\u0627\u0644\u064a\u0648\u0645 \u0627\u0644\u0633\u0627\u0628\u0639\" class=\"img-responsive\" height=\"20px\" src=\"/images/footer/Android-c.png\" title=\"\u0627\u0644\u064a\u0648\u0645 \u0627\u0644\u0633\u0627\u0628\u0639\" width=\"20px\"/>\n</a>\n<a href=\"https://appgallery.cloud.huawei.com/ag/n/app/C100093169?locale=en_US&amp;source=appshare&amp;subsource=C100093169\" rel=\"nofollow\" target=\"_blank\">\n<img alt=\"\u0647\u0648\u0627\u0648\u0649\" class=\"img-responsive\" height=\"20px\" src=\"/images/footer/huaweiicon.png\" title=\"\u0647\u0648\u0627\u0648\u0649\" width=\"20px\"/>\n</a>\n</div>\n<footer>\n<div>\n<p>\u062c\u0645\u064a\u0639 \u0627\u0644\u062d\u0642\u0648\u0642 \u0645\u062d\u0641\u0648\u0638\u0629 \u0644\u0644\u064a\u0648\u0645 \u0627\u0644\u0633\u0627\u0628\u0639 2022</p>\n</div>\n<div class=\"clicksegypt\">\n<p>\u062a\u0645 \u0627\u0644\u062a\u0635\u0645\u064a\u0645 \u0648\u0627\u0644\u062a\u0637\u0648\u064a\u0631 \u0628\u0648\u0627\u0633\u0637\u0629</p>\n<a href=\"https://www.clicksegypt.net/\" target=\"_blank\"><img alt=\"Clicksegypt\" height=\"38px\" loading=\"lazy\" src=\"/images/footer/clicksegypt.webp\" title=\"Clicksegypt\" width=\"100px\"/></a>\n<div class=\"clear\"></div>\n</div>\n</footer>\n<div class=\"BottomFotter\">\n<div class=\"ButtonsOnbottomFoter\">\n<a href=\".NewGrayBarTop\" id=\"ma_link\" rel=\"nofollow\">\n<img alt=\"\u0627\u0644\u0631\u062c\u0648\u0639 \u0627\u0644\u0649 \u0623\u0639\u0644\u0649 \u0627\u0644\u0635\u0641\u062d\u0629\" class=\"arrow-to-top\" src=\"/images/Up-Icon-white.png\" title=\"\u0627\u0644\u0631\u062c\u0648\u0639 \u0627\u0644\u0649 \u0623\u0639\u0644\u0649 \u0627\u0644\u0635\u0641\u062d\u0629\"/>\n</a>\n</div>\n<div class=\"ButtonsOnbottomFoter\">\n<a href=\"/\" rel=\"nofollow\">\n<img alt=\"\u0627\u0644\u0631\u062c\u0648\u0639 \u0627\u0644\u0649 \u0627\u0644\u0635\u0641\u062d\u0647 \u0627\u0644\u0631\u0626\u064a\u0633\u0629\" src=\"/images/socialfooter/ic-home-s.png\" title=\"\u0627\u0644\u0631\u062c\u0648\u0639 \u0627\u0644\u0649 \u0627\u0644\u0635\u0641\u062d\u0647 \u0627\u0644\u0631\u0626\u064a\u0633\u0629\"/>\n</a>\n</div>\n<div class=\"NEWshare_iconsDiV\">\n<center>\n<!-- /21823462148/Mob_inner_sticky -->\n<div id=\"div-gpt-ad-1566754960674-0\" style=\"width: 320px; height: 50px;\">\n<script>\r\n    googletag.cmd.push(function() { googletag.display('div-gpt-ad-1566754960674-0'); });\r\n  </script>\n</div>\n</center>\n</div>\n</div>\n</div>\n<nav class=\"c-menu c-menu--push-right\" id=\"c-menu--push-right\">\n<button class=\"c-menu__close\">\u0627\u063a\u0644\u0642 \u0627\u0644\u0642\u0627\u0626\u0645\u0629</button>\n<div class=\"IconsInmenu\">\n<div class=\"IconsInmenuIN\">\n<a alt=\"\u0644\u0644\u0625\u0639\u0644\u0627\u0646\" href=\"https://www.youm7.com/home/advert\">\n<img alt=\"Ads\" class=\"img-responsive slider-img\" height=\"30px\" src=\"/images/newHeader/ad.png\" width=\"83px\"/>\n</a>\n</div>\n</div>\n<div class=\"row margin0 header-social\">\n<a class=\"animated fadeInLeft a-menu-new-link\" href=\"https://www.facebook.com/youm7\" rel=\"nofollow\" target=\"_blank\">\n<img alt=\"Follow Youm7\" class=\"img-responsive\" height=\"30px\" src=\"/images/facebook.png?1\" title=\"Follow Youm7\" width=\"30px\"/>\n</a>\n<a class=\"animated fadeInLeft a-menu-new-link\" href=\"https://www.youtube.com/user/mubasheryoum7\" rel=\"nofollow\" target=\"_blank\">\n<img alt=\"Follow Youm7\" class=\"img-responsive\" height=\"30px\" src=\"/images/youtube.png\" title=\"Follow Youm7\" width=\"30px\"/>\n</a>\n<a class=\"animated a-menu-new-link\" href=\"https://twitter.com/youm7\" rel=\"nofollow\" target=\"_blank\">\n<img alt=\"Follow Youm7\" class=\"img-responsive\" height=\"30px\" src=\"/images/xbutton.png\" title=\"Follow Youm7\" width=\"30px\"/>\n</a>\n<a class=\"animated fadeInRight a-menu-new-link\" href=\"https://www.instagram.com/youm7/\" rel=\"nofollow\" target=\"_blank\">\n<img alt=\"Follow Youm7\" class=\"img-responsive\" height=\"30px\" src=\"/images/instagram.png\" title=\"Follow Youm7\" width=\"30px\"/>\n</a>\n</div>\n<ul class=\"c-menu__items\">\n<li class=\"c-menu__item\"> <h2><a href=\"/\">\u0627\u0644\u0631\u0626\u064a\u0633\u064a\u0629</a></h2> </li>\n<li class=\"c-menu__item\"> <h2><a href=\"/Section/\u0623\u062e\u0628\u0627\u0631-\u0639\u0627\u062c\u0644\u0629/65/1\"> \u0639\u0627\u062c\u0644 </a></h2> </li>\n<li class=\"c-menu__item\"> <h2><a href=\"/Section/\u0633\u064a\u0627\u0633\u0629/319/1\"> \u0633\u064a\u0627\u0633\u0629 </a></h2> </li>\n<li class=\"c-menu__item\"> <h2><a href=\"/Section/\u062a\u0642\u0627\u0631\u064a\u0631-\u0645\u0635\u0631\u064a\u0629/97/1\"> \u062a\u0642\u0627\u0631\u064a\u0631 </a></h2> </li>\n<li class=\"c-menu__item\"> <h2><a href=\"/Section/\u062d\u0648\u0627\u062f\u062b/203/1\"> \u062d\u0648\u0627\u062f\u062b </a></h2> </li>\n<li class=\"c-menu__item\"> <h2><a href=\"/Section/\u062d\u0638\u0643-\u0627\u0644\u064a\u0648\u0645/330/1\"> \u062d\u0638\u0643 \u0627\u0644\u064a\u0648\u0645 </a></h2> </li>\n<li class=\"c-menu__item\"> <h2><a href=\"/Section/\u062f\u064a\u0646-\u0648\u062d\u064a\u0627\u0629/359/1\"> \u062f\u064a\u0646 \u0648\u062d\u064a\u0627\u0629 </a></h2> </li>\n<li class=\"c-menu__item\"> <h2><a href=\"/Section/\u0623\u0633\u0639\u0627\u0631-\u0648\u0623\u0633\u0648\u0627\u0642/358/1\"> \u0623\u0633\u0639\u0627\u0631 \u0648\u0623\u0633\u0648\u0627\u0642 </a></h2> </li>\n<li class=\"c-menu__item\"> <h2><a href=\"/Section/\u0623\u062e\u0628\u0627\u0631-\u0627\u0644\u0645\u062d\u0627\u0641\u0638\u0627\u062a/296/1\"> \u0645\u062d\u0627\u0641\u0638\u0627\u062a </a></h2> </li>\n<li class=\"c-menu__item\"> <h2><a href=\"/Section/\u062a\u062d\u0642\u064a\u0642\u0627\u062a-\u0648\u0645\u0644\u0641\u0627\u062a/12/1\"> \u062a\u062d\u0642\u064a\u0642\u0627\u062a </a></h2> </li>\n<li class=\"c-menu__item\"> <h2><a href=\"/Section/\u0623\u062e\u0628\u0627\u0631-\u0627\u0644\u0631\u064a\u0627\u0636\u0629/298/1\"> \u0631\u064a\u0627\u0636\u0629 </a></h2> </li>\n<li class=\"c-menu__item\"> <h2><a href=\"/Section/\u0643\u0631\u0629-\u0639\u0627\u0644\u0645\u064a\u0629/332/1\"> \u0643\u0631\u0629 \u0639\u0627\u0644\u0645\u064a\u0629 </a></h2> </li>\n<li class=\"c-menu__item\"> <h2><a href=\"/Section/\u0627\u0642\u062a\u0635\u0627\u062f-\u0648\u0628\u0648\u0631\u0635\u0629/297/1\"> \u0627\u0642\u062a\u0635\u0627\u062f \u0648\u0628\u0648\u0631\u0635\u0629 </a></h2> </li>\n<li class=\"c-menu__item\"> <h2><a href=\"/Section/\u0623\u062e\u0628\u0627\u0631-\u0639\u0631\u0628\u064a\u0629/88/1\"> \u0639\u0631\u0628 </a></h2> </li>\n<li class=\"c-menu__item\"> <h2><a href=\"/Section/\u0623\u062e\u0628\u0627\u0631-\u0639\u0627\u0644\u0645\u064a\u0629/286/1\"> \u0639\u0627\u0644\u0645 </a></h2> </li>\n<li class=\"c-menu__item\"> <h2><a href=\"/Section/\u0643\u0627\u0631\u064a\u0643\u0627\u062a\u064a\u0631-\u0627\u0644\u064a\u0648\u0645/192/1\"> \u0643\u0627\u0631\u064a\u0643\u0627\u062a\u064a\u0631 </a></h2> </li>\n<li class=\"c-menu__item\"> <h2><a href=\"/Section/\u0641\u0646/48/1\"> \u0641\u0646 </a></h2> </li>\n<li class=\"c-menu__item\"> <h2><a href=\"/Section/\u062a\u0644\u064a\u0641\u0632\u064a\u0648\u0646/251/1\"> \u062a\u0644\u064a\u0641\u0632\u064a\u0648\u0646 </a></h2> </li>\n<li class=\"c-menu__item\"> <h2><a href=\"/Section/\u062b\u0642\u0627\u0641\u0629/94/1\"> \u062b\u0642\u0627\u0641\u0629 </a></h2> </li>\n<li class=\"c-menu__item\"> <h2><a href=\"/Section/\u0627\u0644\u0645\u0631\u0623\u0629-\u0648\u0627\u0644\u0645\u0646\u0648\u0639\u0627\u062a/89/1\"> \u0645\u0631\u0623\u0629 \u0648 \u0645\u0646\u0648\u0639\u0627\u062a </a></h2> </li>\n<li class=\"c-menu__item\"> <h2><a href=\"/Section/\u0635\u062d\u0629-\u0648\u0637\u0628/245/1\"> \u0635\u062d\u0629 </a></h2> </li>\n<li class=\"c-menu__item\"> <h2><a href=\"/Section/\u0623\u0644\u0628\u0648\u0645\u0627\u062a-\u0627\u0644\u064a\u0648\u0645-\u0627\u0644\u0633\u0627\u0628\u0639/291/1\"> \u0623\u0644\u0628\u0648\u0645\u0627\u062a </a></h2> </li>\n<li class=\"c-menu__item\"> <h2><a href=\"/Editor/AllEditors\"> \u0645\u0642\u0627\u0644\u0627\u062a </a></h2> </li>\n<li class=\"c-menu__item\"> <h2><a href=\"/Section/\u0639\u0644\u0648\u0645-\u0648-\u062a\u0643\u0646\u0648\u0644\u0648\u062c\u064a\u0627/328/1\"> \u062a\u0643\u0646\u0648\u0644\u0648\u062c\u064a\u0627 </a></h2> </li>\n<li class=\"c-menu__item\"> <h2><a href=\"/Section/\u0641\u064a\u062f\u064a\u0648-7/355/1\">\u0641\u064a\u062f\u064a\u0648 7</a></h2> </li>\n</ul>\n</nav>\n<!-- /c-menu push-right -->\n<div class=\"c-mask\" id=\"c-mask\"></div>\n<script src=\"/assets/scripts/menu.js\"></script>\n<script src=\"/Scripts/globalscripts.js\"></script>\n<script>\r\n        //Scroll Up\r\n        $(document).ready(function () {\r\n            if ($(\"#paging\").attr(\"data-secid\").length > 0)\r\n                $(\".full-v\").attr(\"href\", \"https://m2.youm7.com/\" + $(\"#paging\").attr(\"data-sectitle\") + \"-\" + $(\"#paging\").attr(\"data-secid\"))\r\n            else {\r\n                if ($(\"#paging\").attr(\"data-sectitle\").length > 0)\r\n                    $(\".full-v\").attr(\"href\", \"https://m2.youm7.com/\" + $(\"#paging\").attr(\"data-sectitle\"))\r\n            }\r\n        });\r\n    </script>\n</body>\n</html>\n", "content_text": "RSS - \u0627\u0644\u064a\u0648\u0645 \u0627\u0644\u0633\u0627\u0628\u0639 \u0628\u062d\u062b \u0623\u062e\u0628\u0627\u0631 \u0639\u0627\u062c\u0644\u0629 \u0633\u064a\u0627\u0633\u0629 \u062d\u0648\u0627\u062f\u062b \u062a\u0642\u0627\u0631\u064a\u0631 \u0645\u0635\u0631\u064a\u0629 \u0623\u062e\u0628\u0627\u0631 \u0645\u062d\u0627\u0641\u0638\u0627\u062a \u0627\u0642\u062a\u0635\u0627\u062f \u0648\u0628\u0648\u0631\u0635\u0629 \u0623\u062e\u0628\u0627\u0631 \u0627\u0644\u0631\u064a\u0627\u0636\u0629 \u0643\u0631\u0629 \u0639\u0627\u0644\u0645\u064a\u0629 \u0641\u0646 \u062a\u0644\u064a\u0641\u0632\u064a\u0648\u0646 \u0623\u062e\u0628\u0627\u0631 \u0639\u0631\u0628\u064a\u0629 \u0623\u062e\u0628\u0627\u0631 \u0639\u0627\u0644\u0645\u064a\u0629 \u062b\u0642\u0627\u0641\u0629 \u0627\u0644\u0645\u0631\u0623\u0629 \u0648\u0627\u0644\u0645\u0646\u0648\u0639\u0627\u062a \u0635\u062d\u0629 \u0648 \u0637\u0628 \u0639\u0644\u0648\u0645 \u0648 \u062a\u0643\u0646\u0648\u0644\u0648\u062c\u064a\u0627 \u0635\u062d\u0627\u0641\u0629 \u0627\u0644\u0645\u0648\u0627\u0637\u0646 \u0623\u0644\u0628\u0648\u0645\u0627\u062a \u0627\u0644\u064a\u0648\u0645 \u0627\u0644\u0633\u0627\u0628\u0639 \u0627\u0644\u0631\u0626\u064a\u0633\u064a\u0629 \u0639\u0627\u062c\u0644 \u0633\u064a\u0627\u0633\u0629 \u062a\u0642\u0627\u0631\u064a\u0631 \u062d\u0648\u0627\u062f\u062b \u0645\u062d\u0627\u0641\u0638\u0627\u062a \u062a\u062d\u0642\u064a\u0642\u0627\u062a \u0631\u064a\u0627\u0636\u0629 \u0643\u0631\u0629 \u0639\u0627\u0644\u0645\u064a\u0629 \u0627\u0642\u062a\u0635\u0627\u062f \u0648\u0628\u0648\u0631\u0635\u0629 \u0643\u0627\u0631\u064a\u0643\u0627\u062a\u064a\u0631 \u0639\u0631\u0628 \u0639\u0627\u0644\u0645 \u0641\u0646 \u062d\u0638\u0643 \u0627\u0644\u064a\u0648\u0645 \u062a\u0644\u064a\u0641\u0632\u064a\u0648\u0646 \u062b\u0642\u0627\u0641\u0629 \u0645\u0631\u0623\u0629 \u0648 \u0645\u0646\u0648\u0639\u0627\u062a \u0635\u062d\u0629 \u0623\u0644\u0628\u0648\u0645\u0627\u062a \u0645\u0642\u0627\u0644\u0627\u062a \u062a\u0643\u0646\u0648\u0644\u0648\u062c\u064a\u0627 \u0641\u064a\u062f\u064a\u0648 7 \u062c\u0645\u064a\u0639 \u0627\u0644\u062d\u0642\u0648\u0642 \u0645\u062d\u0641\u0648\u0638\u0629 \u0644\u0644\u064a\u0648\u0645 \u0627\u0644\u0633\u0627\u0628\u0639 2022 \u062a\u0645 \u0627\u0644\u062a\u0635\u0645\u064a\u0645 \u0648\u0627\u0644\u062a\u0637\u0648\u064a\u0631 \u0628\u0648\u0627\u0633\u0637\u0629 \u0627\u063a\u0644\u0642 \u0627\u0644\u0642\u0627\u0626\u0645\u0629 \u0627\u0644\u0631\u0626\u064a\u0633\u064a\u0629 \u0639\u0627\u062c\u0644 \u0633\u064a\u0627\u0633\u0629 \u062a\u0642\u0627\u0631\u064a\u0631 \u062d\u0648\u0627\u062f\u062b \u062d\u0638\u0643 \u0627\u0644\u064a\u0648\u0645 \u062f\u064a\u0646 \u0648\u062d\u064a\u0627\u0629 \u0623\u0633\u0639\u0627\u0631 \u0648\u0623\u0633\u0648\u0627\u0642 \u0645\u062d\u0627\u0641\u0638\u0627\u062a \u062a\u062d\u0642\u064a\u0642\u0627\u062a \u0631\u064a\u0627\u0636\u0629 \u0643\u0631\u0629 \u0639\u0627\u0644\u0645\u064a\u0629 \u0627\u0642\u062a\u0635\u0627\u062f \u0648\u0628\u0648\u0631\u0635\u0629 \u0639\u0631\u0628 \u0639\u0627\u0644\u0645 \u0643\u0627\u0631\u064a\u0643\u0627\u062a\u064a\u0631 \u0641\u0646 \u062a\u0644\u064a\u0641\u0632\u064a\u0648\u0646 \u062b\u0642\u0627\u0641\u0629 \u0645\u0631\u0623\u0629 \u0648 \u0645\u0646\u0648\u0639\u0627\u062a \u0635\u062d\u0629 \u0623\u0644\u0628\u0648\u0645\u0627\u062a \u0645\u0642\u0627\u0644\u0627\u062a \u062a\u0643\u0646\u0648\u0644\u0648\u062c\u064a\u0627 \u0641\u064a\u062f\u064a\u0648 7", "last_crawled": "2025-05-06T09:37:08.427898", "outgoing_links": ["https://www.youm7.com/", "https://m2.youm7.com", "https://m.youm7.com/rss/SectionRss?SectionID=203", "https://m.youm7.com/rss/SectionRss?SectionID=319", "https://m.youm7.com/rss/SectionRss?SectionID=97", "https://m.youm7.com/rss/SectionRss?SectionID=296", "https://m.youm7.com/rss/SectionRss?SectionID=297", "https://m.youm7.com/rss/SectionRss?SectionID=298", "https://m.youm7.com/rss/SectionRss?SectionID=332", "https://m.youm7.com/rss/SectionRss?SectionID=84", "https://m.youm7.com/rss/SectionRss?SectionID=251", "https://m.youm7.com/rss/SectionRss?SectionID=88", "https://m.youm7.com/rss/SectionRss?SectionID=286", "https://m.youm7.com/rss/SectionRss?SectionID=94", "https://m.youm7.com/rss/SectionRss?SectionID=89", "https://m.youm7.com/rss/SectionRss?SectionID=245", "https://m.youm7.com/rss/SectionRss?SectionID=328", "https://m.youm7.com/rss/SectionRss?SectionID=335", "https://m.youm7.com/rss/SectionRss?SectionID=291", "https://itunes.apple.com/eg/app/id989792325", "https://play.google.com/store/apps/details?id=com.youm7.news&hl=en", "https://appgallery.cloud.huawei.com/ag/n/app/C100093169?locale=en_US&source=appshare&subsource=C100093169", "https://www.youm7.com/Section/\u0623\u062e\u0628\u0627\u0631-\u0639\u0627\u062c\u0644\u0629/65/1", "https://www.youm7.com/Section/\u0633\u064a\u0627\u0633\u0629/319/1", "https://www.youm7.com/Section/\u062a\u0642\u0627\u0631\u064a\u0631-\u0645\u0635\u0631\u064a\u0629/97/1", "https://www.youm7.com/Section/\u062d\u0648\u0627\u062f\u062b/203/1", "https://www.youm7.com/Section/\u0623\u062e\u0628\u0627\u0631-\u0627\u0644\u0645\u062d\u0627\u0641\u0638\u0627\u062a/296/1", "https://www.youm7.com/Section/\u062a\u062d\u0642\u064a\u0642\u0627\u062a-\u0648\u0645\u0644\u0641\u0627\u062a/12/1", "https://www.youm7.com/Section/\u0623\u062e\u0628\u0627\u0631-\u0627\u0644\u0631\u064a\u0627\u0636\u0629/298/1", "https://www.youm7.com/Section/\u0643\u0631\u0629-\u0639\u0627\u0644\u0645\u064a\u0629/332/1", "https://www.youm7.com/Section/\u0627\u0642\u062a\u0635\u0627\u062f-\u0648\u0628\u0648\u0631\u0635\u0629/297/1", "https://www.youm7.com/Section/\u0643\u0627\u0631\u064a\u0643\u0627\u062a\u064a\u0631-\u0627\u0644\u064a\u0648\u0645/192/1", "https://www.youm7.com/Section/\u0623\u062e\u0628\u0627\u0631-\u0639\u0631\u0628\u064a\u0629/88/1", "https://www.youm7.com/Section/\u0623\u062e\u0628\u0627\u0631-\u0639\u0627\u0644\u0645\u064a\u0629/286/1", "https://www.youm7.com/Section/\u0641\u0646/48/1", "https://www.youm7.com/Section/\u062d\u0638\u0643-\u0627\u0644\u064a\u0648\u0645/330/1", "https://www.youm7.com/Section/\u062a\u0644\u064a\u0641\u0632\u064a\u0648\u0646/251/1", "https://www.youm7.com/Section/\u062b\u0642\u0627\u0641\u0629/94/1", "https://www.youm7.com/Section/\u0627\u0644\u0645\u0631\u0623\u0629-\u0648\u0627\u0644\u0645\u0646\u0648\u0639\u0627\u062a/89/1", "https://www.youm7.com/Section/\u0635\u062d\u0629-\u0648\u0637\u0628/245/1", "https://www.youm7.com/Section/\u0623\u0644\u0628\u0648\u0645\u0627\u062a-\u0627\u0644\u064a\u0648\u0645-\u0627\u0644\u0633\u0627\u0628\u0639/291/1", "https://www.youm7.com/Editor/AllEditors", "https://www.youm7.com/Section/\u0639\u0644\u0648\u0645-\u0648-\u062a\u0643\u0646\u0648\u0644\u0648\u062c\u064a\u0627/328/1", "https://www.youm7.com/Section/\u0641\u064a\u062f\u064a\u0648-7/355/1", "http://www.facebook.com/youm7", "http://instagram.com/youm7", "http://www.youtube.com/user/mubasheryoum7", "https://www.youm7.com/rss/rss", "https://itunes.apple.com/eg/app/id463738813", "https://www.clicksegypt.net/", "https://www.youm7.com/rss/.NewGrayBarTop", "https://www.youm7.com/home/advert", "https://www.facebook.com/youm7", "https://www.youtube.com/user/mubasheryoum7", "https://twitter.com/youm7", "https://www.instagram.com/youm7/", "https://www.youm7.com/Section/\u062f\u064a\u0646-\u0648\u062d\u064a\u0627\u0629/359/1", "https://www.youm7.com/Section/\u0623\u0633\u0639\u0627\u0631-\u0648\u0623\u0633\u0648\u0627\u0642/358/1"]}