{"url": "https://www.youm7.com/home/advert", "title": "\u0627\u0644\u064a\u0648\u0645 \u0627\u0644\u0633\u0627\u0628\u0639", "content": "<!DOCTYPE html>\n<html lang=\"ar\">\n<head>\n<title>\u0627\u0644\u064a\u0648\u0645 \u0627\u0644\u0633\u0627\u0628\u0639</title>\n<script type=\"application/ld+json\">\r\n\r\n{\r\n    \r\n    \"@context\":\"https://schema.org\",\r\n    \"@type\":\"WebPage\",\r\n    \"url\":\"https://www.youm7.com\",\r\n    \"inLanguage\":\"AR\",\r\n    \"additionalType\":\"landing_homepage\",\r\n    \"publisher\":{\r\n    \"@type\":\"NewsMediaOrganization\",\r\n    \"name\":\"\u0627\u0644\u064a\u0648\u0645 \u0627\u0644\u0633\u0627\u0628\u0639\",\r\n\t\"description\":\"\u0628\u0648\u0627\u0628\u0629 \u0627\u0644\u064a\u0648\u0645 \u0627\u0644\u0633\u0627\u0628\u0639 \u0627\u0644\u0627\u062e\u0628\u0627\u0631\u064a\u0629 \u062a\u0642\u062f\u0645 \u0627\u062d\u062f\u062b \u0648\u0627\u0647\u0645 \u0627\u062e\u0628\u0627\u0631 \u0645\u0635\u0631 \u0639\u0644\u0649 \u0645\u062f\u0627\u0631 \u0627\u0644\u064a\u0648\u0645 \u0643\u0645\u0627 \u0646\u0642\u062f\u0645 \u0627\u0647\u0645 \u0627\u062e\u0628\u0627\u0631 \u0627\u0644\u0631\u064a\u0627\u0636\u0629 \u0648\u0627\u0644\u0641\u0646 \u0648\u0627\u0644\u0627\u0642\u062a\u0635\u0627\u062f \u0648\u0627\u0644\u062d\u0648\u0627\u062f\u062b\",\r\n    \"logo\":\"https://img.youm7.com/images/graphics/logoyoum7.png\",\r\n    \"foundingDate\":\"2008-10-01\",\r\n    \"url\":\"https://www.youm7.com\",\r\n\t\"email\": \"webmaster@youm7.com\",\r\n    \"sameAs\":[\r\n     \"https://www.facebook.com/Youm7\",\r\n     \"https://x.com/youm7\",\r\n     \"https://www.tiktok.com/@youm7\",\r\n     \"https://www.youtube.com/user/mubasheryoum7\",\r\n     \"https://www.instagram.com/youm7\"\r\n    ]\r\n    },\r\n    \r\n    \"name\":\"\u0627\u0644\u064a\u0648\u0645 \u0627\u0644\u0633\u0627\u0628\u0639\",\r\n    \"isPartOf\":{\r\n    \"@type\":\"WebSite\",\r\n    \"name\":\"\u0627\u0644\u064a\u0648\u0645 \u0627\u0644\u0633\u0627\u0628\u0639\",\r\n    \"url\":\"https://www.youm7.com\",\r\n    \"potentialAction\":{\r\n    \"@type\": \"SearchAction\",\r\n    \"target\": \"https://www.youm7.com/Home/Search?allwords=%D9%85%D8%B5%D8%B1{search_term_string}\",\r\n    \"query-input\": \"required name=search_term_string\"\r\n  }\r\n  }\r\n}\r\n\r\n\r\n</script>\n<meta content=\"text/html; charset=utf-8\" http-equiv=\"content-type\"/>\n<meta content=\"width=1190\" name=\"viewport\"/>\n<link href=\"https://img.youm7.com/images/graphics/favicon.ico\" rel=\"shortcut icon\" type=\"image/x-icon\"/>\n<link href=\"/apple-touch-icon.png\" rel=\"apple-touch-icon\" sizes=\"180x180\"/>\n<link href=\"/favicon-32x32.png\" rel=\"icon\" sizes=\"32x32\" type=\"image/png\"/>\n<link href=\"/favicon-16x16.png\" rel=\"icon\" sizes=\"16x16\" type=\"image/png\"/>\n<link href=\"/site.webmanifest\" rel=\"manifest\"/>\n<link color=\"#5bbad5\" href=\"/safari-pinned-tab.svg\" rel=\"mask-icon\"/>\n<meta content=\"max-image-preview:large\" name=\"robots\"/>\n<meta content=\"#da532c\" name=\"msapplication-TileColor\"/>\n<meta content=\"#ffffff\" name=\"theme-color\"/>\n<meta content=\"Youm7\" name=\"application-name\"/>\n<meta content=\"https://www.youm7.com\" name=\"msapplication-starturl\"/>\n<meta content=\"Youm7, the world's most wonderful site\" name=\"msapplication-tooltip\"/>\n<link href=\"/css/textfont/droidarabicnaskh.css\" rel=\"stylesheet\" type=\"text/css\"/>\n<link href=\"/css/textfont/droidarabickufi.css\" rel=\"stylesheet\" type=\"text/css\"/>\n<link crossorigin=\"anonymous\" href=\"https://maxcdn.bootstrapcdn.com/font-awesome/4.7.0/css/font-awesome.min.css\" integrity=\"sha384-wvfXpqpZZVQGK6TAh5PVlGOfQNHSoD2xbE+QkPxCAFlNEevoEH3Sl0sibVcOQVnN\" rel=\"stylesheet\"/>\n<meta content=\"\u0628\u0648\u0627\u0628\u0629 \u0627\u0644\u064a\u0648\u0645 \u0627\u0644\u0633\u0627\u0628\u0639 \u0627\u0644\u0627\u062e\u0628\u0627\u0631\u064a\u0629 \u062a\u0642\u062f\u0645 \u0627\u062d\u062f\u062b \u0648\u0627\u0647\u0645 \u0627\u062e\u0628\u0627\u0631 \u0645\u0635\u0631 \u0639\u0644\u0649 \u0645\u062f\u0627\u0631 \u0627\u0644\u064a\u0648\u0645 \u0643\u0645\u0627 \u0646\u0642\u062f\u0645 \u0627\u0647\u0645 \u0627\u062e\u0628\u0627\u0631 \u0627\u0644\u0631\u064a\u0627\u0636\u0629 \u0648\u0627\u0644\u0641\u0646 \u0648\u0627\u0644\u0627\u0642\u062a\u0635\u0627\u062f \u0648\u0627\u0644\u062d\u0648\u0627\u062f\u062b\" name=\"description\"/>\n<meta content=\"\u0627\u0644\u064a\u0648\u0645 \u0627\u0644\u0633\u0627\u0628\u0639,\u0627\u062e\u0628\u0627\u0631 \u0645\u0635\u0631,\u0627\u062e\u0628\u0627\u0631 \u0645\u0635\u0631\u064a\u0629,\u0627\u062e\u0628\u0627\u0631 \u0627\u0644\u0631\u064a\u0627\u0636\u0629,\u0627\u062e\u0628\u0627\u0631 \u0627\u0644\u0641\u0646,\u0627\u062e\u0628\u0627\u0631 \u0627\u0644\u062d\u0648\u0627\u062f\u062b,\u0627\u062e\u0628\u0627\u0631 \u0627\u0644\u0635\u062d\u0629,\u0645\u0631\u0627\u0629 \u0648\u0645\u0646\u0648\u0639\u0627\u062a,\u062d\u0638\u0643 \u0627\u0644\u064a\u0648\u0645,\u0627\u062e\u0628\u0627\u0631 \u0627\u0644\u0627\u0642\u062a\u0635\u0627\u062f\" name=\"keywords\"/>\n<link href=\"https://www.youm7.com\" rel=\"canonical\"/>\n<link href=\"https://m.youm7.com\" rel=\"alternate\"/>\n<meta content=\"ar_AR\" property=\"og:locale\"/>\n<meta content=\"website\" property=\"og:type\"/>\n<meta content=\"\u0627\u0644\u064a\u0648\u0645 \u0627\u0644\u0633\u0627\u0628\u0639\" property=\"og:title\"/>\n<meta content=\"\u0628\u0648\u0627\u0628\u0629 \u0627\u0644\u064a\u0648\u0645 \u0627\u0644\u0633\u0627\u0628\u0639 \u0627\u0644\u0627\u062e\u0628\u0627\u0631\u064a\u0629 \u062a\u0642\u062f\u0645 \u0627\u062d\u062f\u062b \u0648\u0627\u0647\u0645 \u0627\u062e\u0628\u0627\u0631 \u0645\u0635\u0631 \u0639\u0644\u0649 \u0645\u062f\u0627\u0631 \u0627\u0644\u064a\u0648\u0645 \u0643\u0645\u0627 \u0646\u0642\u062f\u0645 \u0627\u0647\u0645 \u0627\u062e\u0628\u0627\u0631 \u0627\u0644\u0631\u064a\u0627\u0636\u0629 \u0648\u0627\u0644\u0641\u0646 \u0648\u0627\u0644\u0627\u0642\u062a\u0635\u0627\u062f \u0648\u0627\u0644\u062d\u0648\u0627\u062f\u062b\" property=\"og:description\"/>\n<meta content=\"https://www.youm7.com\" property=\"og:url\"/>\n<meta content=\"\u0627\u0644\u064a\u0648\u0645 \u0627\u0644\u0633\u0627\u0628\u0639\" property=\"og:site_name\"/>\n<meta content=\"1719209038322750\" property=\"fb:app_id\"/>\n<meta content=\"https://img.youm7.com/images/graphics/youm7socailshareicon2017.png\" property=\"og:image\"/>\n<meta content=\"summary_large_image\" name=\"twitter:card\"/>\n<meta content=\"\u0628\u0648\u0627\u0628\u0629 \u0627\u0644\u064a\u0648\u0645 \u0627\u0644\u0633\u0627\u0628\u0639 \u0627\u0644\u0627\u062e\u0628\u0627\u0631\u064a\u0629 \u062a\u0642\u062f\u0645 \u0627\u062d\u062f\u062b \u0648\u0627\u0647\u0645 \u0627\u062e\u0628\u0627\u0631 \u0645\u0635\u0631 \u0639\u0644\u0649 \u0645\u062f\u0627\u0631 \u0627\u0644\u064a\u0648\u0645 \u0643\u0645\u0627 \u0646\u0642\u062f\u0645 \u0627\u0647\u0645 \u0627\u062e\u0628\u0627\u0631 \u0627\u0644\u0631\u064a\u0627\u0636\u0629 \u0648\u0627\u0644\u0641\u0646 \u0648\u0627\u0644\u0627\u0642\u062a\u0635\u0627\u062f \u0648\u0627\u0644\u062d\u0648\u0627\u062f\u062b\" name=\"twitter:description\"/>\n<meta content=\"\u0627\u0644\u064a\u0648\u0645 \u0627\u0644\u0633\u0627\u0628\u0639\" name=\"twitter:title\"/>\n<meta content=\"https://img.youm7.com/images/graphics/youm7socailshareicon2017.png\" name=\"twitter:image\"/>\n<meta content=\"dmu1hqeqxg5nq7q8n\" name=\"dailymotion-domain-verification\"/>\n<link href=\"/bundle/Mainstyles?X=FinalversionElectionfinaldsdsdsdsdsdsds\" rel=\"stylesheet\"/>\n<link href=\"/content/style.css?Z=FinalVersion2712025v2\" media=\"all\" rel=\"stylesheet\" type=\"text/css\"/>\n<link href=\"/content/style_navigation.css?X=Versioncss34frtgvgghkjhkjhjkhjkh\" media=\"all\" rel=\"stylesheet\" type=\"text/css\"/>\n<link href=\"/content/swiper.css?X=Versioncss34frtgvgghkjhkjhjkhjkh\" media=\"all\" rel=\"stylesheet\" type=\"text/css\"/>\n<script src=\"/bundle/Headcript2?X=FinalversionElectionfinal2343\"></script>\n<!-- Start Google Analytics Final  -->\n<script async=\"\" src=\"https://www.googletagmanager.com/gtag/js?id=G-J7S2SZJ3N7\"></script>\n<script>\r\n\t\t  window.dataLayer = window.dataLayer || [];\r\n\t\t  function gtag(){dataLayer.push(arguments);}\r\n\t\t  gtag('js', new Date());\r\n\r\n\t\t  gtag('config', 'G-J7S2SZJ3N7');\r\n\t\t</script>\n<!-- End Google Analytics Final  -->\n<!-- Google tag (gtag.js) Migrate Throw system -->\n<script async=\"\" src=\"https://www.googletagmanager.com/gtag/js?id=G-H8MKMTR56J\"></script>\n<script>\r\n\t\t  window.dataLayer = window.dataLayer || [];\r\n\t\t  function gtag(){dataLayer.push(arguments);}\r\n\t\t  gtag('js', new Date());\r\n\r\n\t\t  gtag('config', 'G-H8MKMTR56J');\r\n\t\t</script>\n<!-- Google tag (gtag.js) Migrate Throw system -->\n<script async=\"\" src=\"https://cdn.taboola.com/webpush/publishers/1775438/taboola-push-sdk.js\"></script>\n<!-- Adrecovery-->\n<script data-cfasync=\"false\" type=\"text/javascript\">(function(w, d) { var s = d.createElement(\"script\"); s.src = \"//delivery.adrecover.com/44296/adRecover.js\"; s.type = \"text/javascript\"; s.async = true; (d.getElementsByTagName(\"head\")[0] || d.getElementsByTagName(\"body\")[0]).appendChild(s); })(window, document);</script>\n<script> !(function () { window.googletag = window.googletag || {}; window.vmpbjs = window.vmpbjs || {}; window.vpb = window.vpb || {}; vpb.fastLoad = true; googletag.cmd = googletag.cmd || []; vmpbjs.cmd = vmpbjs.cmd || []; var cmds = []; try{ cmds = googletag.cmd.slice(0); googletag.cmd.length = 0; }catch(e){} var ready = false; function exec(cb) { return cb.call(googletag); } var overriden = false; googletag.cmd.push(function () { overriden = true; googletag.cmd.unshift = function (cb) { if (ready) { return exec(cb); } cmds.unshift(cb); if (cb._startgpt) { ready = true; for (var k = 0; k < cmds.length; k++) { exec(cmds[k]); } } }; googletag.cmd.push = function (cb) { if (ready) { return exec(cb); } cmds.push(cb); }; }); if(!overriden){ googletag.cmd.push = function (cb) { cmds.push(cb); }; googletag.cmd.unshift = function (cb) { cmds.unshift(cb); if (cb._startgpt) { ready = true; if (googletag.apiReady) { cmds.forEach(function (cb) { googletag.cmd.push(cb); }); } else { googletag.cmd = cmds; } } }; } var dayMs = 36e5, cb = parseInt(Date.now() / dayMs), vpbSrc = '//player.adtcdn.com/prebidlink/' + cb + '/wrapper_hb_450996_11982.js', pbSrc = vpbSrc.replace('wrapper_hb', 'hb'), gptSrc = '//securepubads.g.doubleclick.net/tag/js/gpt.js', c = document.head || document.body || document.documentElement; function loadScript(src, cb) { var s = document.createElement('script'); s.src = src; s.defer=false; c.appendChild(s); s.onload = cb; s.onerror = function(){ var fn = function(){}; fn._startgpt = true; googletag.cmd.unshift(fn); }; return s; } loadScript(pbSrc); loadScript(gptSrc); loadScript(vpbSrc); })() </script>\n<meta content=\"133880733349264\" property=\"fb:pages\"/>\n<script async=\"async\" src=\"https://securepubads.g.doubleclick.net/tag/js/gpt.js\">\r\n\r\n\r\n            <script>\r\n                var googletag = googletag || {};\r\n                googletag.cmd = googletag.cmd || [];\r\n    </script>\n<script>\r\n              googletag.cmd.push(function() {\r\n                googletag.defineSlot('/21823462148/Youm7-Widget-HP', [[468, 60], [468, 110]], 'div-gpt-ad-1559563374250-0').addService(googletag.pubads());\r\n                googletag.defineSlot('/21823462148/Youm7-TakeOver-HP-R', [[160, 600], [130, 600]], 'div-gpt-ad-1559747947800-0').addService(googletag.pubads());\r\n                googletag.defineSlot('/21823462148/Youm7-TakeOver-HP-L', [[130, 600], [160, 600]], 'div-gpt-ad-1559564788698-0').addService(googletag.pubads());\r\n                googletag.defineSlot('/21823462148/Youm7-Leaderboard-HP', ['fluid', [728, 90]], 'div-gpt-ad-1559434773218-0').addService(googletag.pubads());\r\n                googletag.defineSlot('/21823462148/Youm7-MPU-HP-1', ['fluid', [300, 250], [336, 280], [250, 250]], 'div-gpt-ad-1600961287759-0').addService(googletag.pubads());\r\n                googletag.defineSlot('/21823462148/Youm7-MPU-HP-2', [[250, 250], [336, 280], [300, 600], 'fluid', [300, 250], [200, 200]], 'div-gpt-ad-1559748730463-0').addService(googletag.pubads());\r\n\r\n                googletag.defineSlot('/21823462148/Youm7-Leaderboard-HP-2', ['fluid', [728, 90], [970, 90], [970, 250]], 'div-gpt-ad-1559749015733-0').addService(googletag.pubads());\r\n\r\n                //googletag.pubads().enableSingleRequest();\r\n                googletag.enableServices();\r\n              });\r\n    </script>\n<!-- DFP POD End -->\n<!-- Google Tag Manager -->\n<script>(function(w,d,s,l,i){w[l]=w[l]||[];w[l].push({'gtm.start':\r\nnew Date().getTime(),event:'gtm.js'});var f=d.getElementsByTagName(s)[0],\r\nj=d.createElement(s),dl=l!='dataLayer'?'&l='+l:'';j.async=true;j.src=\r\n'https://www.googletagmanager.com/gtm.js?id='+i+dl;f.parentNode.insertBefore(j,f);\r\n})(window,document,'script','dataLayer','GTM-MP7CXZG');</script>\n<!-- End Google Tag Manager -->\n<!--Project Agora -->\n<script async=\"\" src=\"//pahtag.tech/c/pod_youm7.js\"></script>\n<!--<script type=\"text/javascript\" async src=\"//c.pubguru.net/pg.youm7.com.js\"></script>-->\n<!-- Taboola -->\n<script type=\"text/javascript\">\r\n  window._taboola = window._taboola || [];\r\n  _taboola.push({homepage:'auto'});\r\n  !function (e, f, u, i) {\r\n    if (!document.getElementById(i)){\r\n      e.async = 1;\r\n      e.src = u;\r\n      e.id = i;\r\n      f.parentNode.insertBefore(e, f);\r\n    }\r\n  }(document.createElement('script'),\r\n  document.getElementsByTagName('script')[0],\r\n  '//cdn.taboola.com/libtrc/podegypt-network/loader.js',\r\n  'tb_loader_script');\r\n  if(window.performance && typeof window.performance.mark == 'function')\r\n    {window.performance.mark('tbl_ic');}\r\n</script>\n<script>\r\nvar clickRankAi = document.createElement(\"script\");\r\n\r\nclickRankAi.src = \"https://js.clickrank.ai/seo/d82289b5-6e77-49af-8905-059d39b30359/script?\" + new Date().getTime();\r\nclickRankAi.async = true;\r\n\r\ndocument.head.appendChild(clickRankAi);\r\n</script>\n</head>\n<body class=\"main-container\">\n<!-- Google Tag Manager (noscript) -->\n<noscript><iframe height=\"0\" src=\"https://www.googletagmanager.com/ns.html?id=GTM-MP7CXZG\" style=\"display:none;visibility:hidden\" width=\"0\"></iframe></noscript>\n<!-- End Google Tag Manager (noscript) -->\n<!--Header-->\n<header class=\"row headerCont\">\n<div class=\"row marigin0 headerNewNew\">\n<div class=\"header\">\n<!--First Menu-->\n<div class=\"firstMenu\">\n<div class=\"container-new-menu\">\n<div class=\"fixedMenMen\" style=\"position:relative;\">\n<div class=\"container-navigation\">\n<div>\n<!--<img src=\"https://www.youm7.com/images/newHeader/our-website.png\" class=\"ourWebsites\">-->\n<div class=\"flexslider\">\n<div class=\"swiper-f\">\n<div class=\"swiper-wrapper\">\n<div class=\"swiper-slide\">\n<a href=\"https://www.youm7.com/\" target=\"_self\">\n<img alt=\"\u0627\u0644\u064a\u0648\u0645 \u0627\u0644\u0633\u0627\u0628\u0639\" class=\"img-responsive slider-img\" height=\"32px\" src=\"https://img.youm7.com/ArticleImgs/2020/2/26/8847-youm7logofixed.png\" width=\"140px\"/>\n</a>\n</div>\n<div class=\"swiper-slide\">\n<a href=\"https://www.youm7.com/home/advert\">\n<img alt=\"Ads\" class=\"img-responsive slider-img\" height=\"30px\" src=\"/images/newHeader/ad.png\" width=\"83px\"/>\n</a>\n</div>\n</div>\n</div>\n</div>\n<span class=\"date-header\"><i aria-hidden=\"true\" class=\"fa fa-calendar\"></i> \u0627\u0644\u062b\u0644\u0627\u062b\u0627\u0621\u060c 06 \u0645\u0627\u064a\u0648 2025  <i aria-hidden=\"true\" class=\"fa fa-clock-o\"></i> 08:02 \u0635 </span>\n</div>\n<div class=\"clear\"></div>\n</div>\n<div class=\"clear\"></div>\n</div>\n</div>\n</div>\n<!--Second Menu-->\n<nav class=\"secondMenu\">\n<div class=\"container\">\n<ul class=\"newHeaderLmenu\">\n<li class=\"homeIco\"><a href=\"/\"><h2><i aria-hidden=\"true\" class=\"fa fa-home\"></i>\u0627\u0644\u0631\u0626\u064a\u0633\u064a\u0629</h2></a></li>\n<li><a href=\"/Section/\u0623\u062e\u0628\u0627\u0631-\u0639\u0627\u062c\u0644\u0629/65/1\"> <h2>\u0639\u0627\u062c\u0644</h2> </a></li>\n<li><a href=\"/Section/\u0633\u064a\u0627\u0633\u0629/319/1\"> <h2>\u0633\u064a\u0627\u0633\u0629</h2> </a></li>\n<li><a href=\"/Section/\u062a\u0642\u0627\u0631\u064a\u0631-\u0645\u0635\u0631\u064a\u0629/97/1\"> <h2>\u062a\u0642\u0627\u0631\u064a\u0631</h2> </a></li>\n<li><a href=\"/Section/\u062d\u0648\u0627\u062f\u062b/203/1\"> <h2>\u062d\u0648\u0627\u062f\u062b</h2> </a></li>\n<li><a href=\"/Section/\u0623\u062e\u0628\u0627\u0631-\u0639\u0631\u0628\u064a\u0629/88/1\"> <h2>\u0639\u0631\u0628</h2> </a></li>\n<li><a href=\"/Section/\u0623\u062e\u0628\u0627\u0631-\u0639\u0627\u0644\u0645\u064a\u0629/286/1\"> <h2>\u0639\u0627\u0644\u0645</h2> </a></li>\n<li><a href=\"/Section/\u062a\u062d\u0642\u064a\u0642\u0627\u062a-\u0648\u0645\u0644\u0641\u0627\u062a/12/1\"> <h2>\u062a\u062d\u0642\u064a\u0642\u0627\u062a</h2> </a></li>\n<!--<li><a href=\"https://www.youm7.com/%D9%83%D8%A3%D8%B3-%D8%A3%D9%85%D9%85-%D8%A3%D9%81%D8%B1%D9%8A%D9%82%D9%8A%D8%A7\"> <h2>\u0623\u0645\u0645 \u0623\u0641\u0631\u064a\u0642\u064a\u0627 2023</h2> </a></li>-->\n<li><a href=\"/Section/\u0627\u0642\u062a\u0635\u0627\u062f-\u0648\u0628\u0648\u0631\u0635\u0629/297/1\"> <h2>\u0627\u0642\u062a\u0635\u0627\u062f</h2> </a></li>\n<li><a href=\"/Section/\u0623\u062e\u0628\u0627\u0631-\u0627\u0644\u0631\u064a\u0627\u0636\u0629/298/1\"> <h2>\u0631\u064a\u0627\u0636\u0629</h2> </a></li>\n<!--<li><a href=\"/Section/\u0639\u0642\u0627\u0631\u0627\u062a/341/1\"> <h2>\u0639\u0642\u0627\u0631\u0627\u062a</h2> </a></li>-->\n<li><a href=\"/Section/\u0643\u0631\u0629-\u0639\u0627\u0644\u0645\u064a\u0629/332/1\"> <h2>\u0643\u0631\u0629 \u0639\u0627\u0644\u0645\u064a\u0629</h2> </a></li>\n<li class=\"dropMenu\">\n<a class=\"drop-a-down\" href=\"#\" rel=\"nofollow\"><h2>\u0627\u0644\u0645\u0632\u064a\u062f</h2></a>\n<ul class=\"bigMenu\">\n<li><a href=\"https://www.youm7.com/Mohafzat/%D9%85%D8%AD%D8%A7%D9%81%D8%B8%D8%A7%D8%AA-%D8%A8%D9%84%D8%AF%D9%86%D8%A7\"> <h2>\u0645\u062d\u0627\u0641\u0638\u0627\u062a \u0628\u0644\u062f\u0646\u0627</h2> </a></li>\n<li><a href=\"https://www.youm7.com/videos\"> <h2> \u062a\u0644\u064a\u0641\u0632\u064a\u0648\u0646 \u0627\u0644\u064a\u0648\u0645 \u0627\u0644\u0633\u0627\u0628\u0639</h2> </a></li>\n<li><a href=\"/Section/%D8%AF%D9%8A%D9%86-%D9%88%D8%AD%D9%8A%D8%A7%D8%A9/359/1\"> <h2>\u062f\u064a\u0646 \u0648\u062d\u064a\u0627\u0629</h2> </a></li>\n<li><a href=\"/Section/%D8%A3%D8%B3%D8%B9%D8%A7%D8%B1-%D9%88%D8%A3%D8%B3%D9%88%D8%A7%D9%82/358/1\"> <h2>\u0623\u0633\u0639\u0627\u0631 \u0648\u0623\u0633\u0648\u0627\u0642</h2> </a></li>\n<li><a href=\"/Section/\u0643\u0627\u0631\u064a\u0643\u0627\u062a\u064a\u0631-\u0627\u0644\u064a\u0648\u0645/192/1\"> <h2>\u0643\u0627\u0631\u064a\u0643\u0627\u062a\u064a\u0631</h2> </a></li>\n<li><a href=\"/Section/\u0641\u0646/48/1\"> <h2>\u0641\u0646</h2> </a></li>\n<li><a href=\"/Section/\u062d\u0638\u0643-\u0627\u0644\u064a\u0648\u0645/330/1\"> <h2>\u062d\u0638\u0643 \u0627\u0644\u064a\u0648\u0645</h2> </a></li>\n<li><a href=\"/Section/\u062a\u0644\u064a\u0641\u0632\u064a\u0648\u0646/251/1\"> <h2>\u062a\u0644\u064a\u0641\u0632\u064a\u0648\u0646</h2> </a></li>\n<li><a href=\"/Section/\u062b\u0642\u0627\u0641\u0629/94/1\"> <h2>\u062b\u0642\u0627\u0641\u0629</h2> </a></li>\n<li><a href=\"/Section/\u0627\u0644\u0645\u0631\u0623\u0629-\u0648\u0627\u0644\u0645\u0646\u0648\u0639\u0627\u062a/89/1\"> <h2>\u0645\u0631\u0623\u0629 \u0648 \u0645\u0646\u0648\u0639\u0627\u062a</h2> </a></li>\n<li><a href=\"/Section/\u0635\u062d\u0629-\u0648\u0637\u0628/245/1\"> <h2>\u0635\u062d\u0629</h2> </a></li>\n<li><a href=\"/Section/\u0623\u0644\u0628\u0648\u0645\u0627\u062a-\u0627\u0644\u064a\u0648\u0645-\u0627\u0644\u0633\u0627\u0628\u0639/291/1\"> <h2>\u0623\u0644\u0628\u0648\u0645\u0627\u062a</h2> </a></li>\n<li><a href=\"/Editor/Alleditors\"> <h2>\u0645\u0642\u0627\u0644\u0627\u062a</h2> </a></li>\n<li><a href=\"/Section/\u0639\u0644\u0648\u0645-\u0648-\u062a\u0643\u0646\u0648\u0644\u0648\u062c\u064a\u0627/328/1\"> <h2>\u062a\u0643\u0646\u0648\u0644\u0648\u062c\u064a\u0627</h2> </a></li>\n<li><a href=\"/Section/\u0623\u062e\u0628\u0627\u0631-\u0627\u0644\u0645\u062d\u0627\u0641\u0638\u0627\u062a/296/1\"> <h2>\u0645\u062d\u0627\u0641\u0638\u0627\u062a</h2> </a></li>\n<li><a href=\"/Section/\u0641\u064a\u062f\u064a\u0648-7/355/1\"><h2>\u0641\u064a\u062f\u064a\u0648 7</h2></a></li>\n<!--<li><a href=\"https://thecairopost.youm7.com\" target=\"_blank\"><h2>\u0627\u0644\u0646\u0633\u062e\u0629 \u0627\u0644\u0625\u0646\u062c\u0644\u064a\u0632\u064a\u0629</h2></a></li>-->\n</ul>\n</li>\n</ul>\n</div>\n</nav>\n</div>\n</div>\n<!--Second Menu-->\n<!--logo-->\n<div class=\"row logoContBg\">\n<!--Logo Row-->\n<div class=\"logoCont container\">\n<div class=\"logo col-xs-3\">\n<a href=\"/home/index\">\n<img alt=\"\u0627\u0644\u064a\u0648\u0645 \u0627\u0644\u0633\u0627\u0628\u0639\" class=\"img-responsive\" height=\"65px\" src=\"https://img.youm7.com/images/graphics/logoyoum7.png\" width=\"225px\"/>\n</a></div>\n<div class=\"chief col-xs-3\">\n<img alt=\"\u0623\u0643\u0631\u0645 \u0627\u0644\u0642\u0635\u0627\u0635 - \u0639\u0644\u0627 \u0627\u0644\u0634\u0627\u0641\u0639\u064a\" class=\"img-responsive\" height=\"104px\" src=\"/images/tarwesadesktop2023.png\" width=\"165px\"/>\n</div>\n<center>\n<!--leaderBoard-->\n<div class=\"logoAdv col-xs-7\">\n<!-- /21823462148/Youm7-Widget-HP -->\n<div id=\"div-gpt-ad-1559563374250-0\">\n<script>\r\ngoogletag.cmd.push(function() { googletag.display('div-gpt-ad-1559563374250-0'); });\r\n</script>\n</div>\n<pubguru data-pg-ad=\"youm7_468x110\">\n</pubguru></div>\n</center>\n</div>\n</div>\n<!--Ticker And Search Start-->\n<div class=\"row tickerAndSearch\">\n<div class=\"container\">\n<!--Ticker-->\n<div class=\"col-xs-8 ticker\">\n<div id=\"nt-title-container\">\n<a class=\"tickersIco\" href=\"https://plus.youm7.com/\" rel=\"nofollow\" target=\"_blank\">\n<img alt=\"\u0627\u0644\u064a\u0648\u0645 \u0627\u0644\u0633\u0627\u0628\u0639 \u0628\u0644\u0633\" class=\"img-responsive\" height=\"31px\" src=\"/images/tickerTitleAni.gif\" title=\"\u0627\u0644\u064a\u0648\u0645 \u0627\u0644\u0633\u0627\u0628\u0639 \u0628\u0644\u0633\" width=\"85px\"/>\n</a>\n<ul id=\"nt-title\">\n<li>\n<h3>\n<a href=\"/story/2025/5/5/\u0627\u0644\u0631\u0626\u064a\u0633-\u0627\u0644\u0633\u064a\u0633\u0649-\u064a\u0634\u0647\u062f-\u0627\u0641\u062a\u062a\u0627\u062d-\u0628\u0637\u0648\u0644\u0629-\u0627\u0644\u0639\u0627\u0644\u0645-\u0627\u0644\u0639\u0633\u0643\u0631\u064a\u0629-\u0644\u0644\u0641\u0631\u0648\u0633\u064a\u0629-\u0628\u0627\u0644\u0639\u0627\u0635\u0645\u0629-\u0627\u0644\u0625\u062f\u0627\u0631\u064a\u0629/6976813\">\u0627\u0644\u0631\u0626\u064a\u0633 \u0627\u0644\u0633\u064a\u0633\u0649 \u064a\u0634\u0647\u062f \u0627\u0641\u062a\u062a\u0627\u062d \u0628\u0637\u0648\u0644\u0629 \u0627\u0644\u0639\u0627\u0644\u0645 \u0627\u0644\u0639\u0633\u0643\u0631\u064a\u0629 \u0644\u0644\u0641\u0631\u0648\u0633\u064a\u0629 \u0628\u0627\u0644\u0639\u0627\u0635\u0645\u0629 \u0627\u0644\u0625\u062f\u0627\u0631\u064a\u0629 \u0627\u0644\u062c\u062f\u064a\u062f\u0629</a>\n</h3>\n</li>\n<li>\n<h3>\n<a href=\"/story/2025/5/5/\u0627\u0641\u062a\u062a\u0627\u062d-\u0628\u0637\u0648\u0644\u0629-\u0627\u0644\u0639\u0627\u0644\u0645-\u0627\u0644\u0639\u0633\u0643\u0631\u064a\u0629-\u0644\u0644\u0641\u0631\u0648\u0633\u064a\u0629-\u0631\u0642\u0645-25-\u0628\u0627\u0644\u0639\u0627\u0635\u0645\u0629-\u0627\u0644\u0625\u062f\u0627\u0631\u064a\u0629-\u0628\u062d\u0636\u0648\u0631/6976808\">\u0627\u0641\u062a\u062a\u0627\u062d \u0628\u0637\u0648\u0644\u0629 \u0627\u0644\u0639\u0627\u0644\u0645 \u0627\u0644\u0639\u0633\u0643\u0631\u064a\u0629 \u0644\u0644\u0641\u0631\u0648\u0633\u064a\u0629 \u0631\u0642\u0645 25 \u0628\u0627\u0644\u0639\u0627\u0635\u0645\u0629 \u0627\u0644\u0625\u062f\u0627\u0631\u064a\u0629 \u0628\u062d\u0636\u0648\u0631 \u0627\u0644\u0631\u0626\u064a\u0633 \u0627\u0644\u0633\u064a\u0633\u064a.. \u0628\u062b \u0645\u0628\u0627\u0634\u0631</a>\n</h3>\n</li>\n<li>\n<h3>\n<a href=\"/story/2025/5/5/\u0627\u0644\u0628\u062a\u0631\u0648\u0644-\u062a\u0624\u0643\u062f-\u0645\u0637\u0627\u0628\u0642\u0629-\u0627\u0644\u0628\u0646\u0632\u064a\u0646-\u0644\u0644\u0645\u0648\u0627\u0635\u0641\u0629-\u0627\u0644\u0642\u064a\u0627\u0633\u064a\u0629-\u0627\u0644\u0645\u0635\u0631\u064a\u0629-\u0641\u0649-\u0643\u0627\u0641\u0629-\u0627\u0644\u0645\u062d\u0637\u0627\u062a/6976732\">\u0627\u0644\u0628\u062a\u0631\u0648\u0644 \u062a\u0624\u0643\u062f \u0645\u0637\u0627\u0628\u0642\u0629 \u0627\u0644\u0628\u0646\u0632\u064a\u0646 \u0644\u0644\u0645\u0648\u0627\u0635\u0641\u0629 \u0627\u0644\u0642\u064a\u0627\u0633\u064a\u0629 \u0627\u0644\u0645\u0635\u0631\u064a\u0629 \u0641\u0649 \u0643\u0627\u0641\u0629 \u0627\u0644\u0645\u062d\u0637\u0627\u062a</a>\n</h3>\n</li>\n<li>\n<h3>\n<a href=\"/story/2025/5/5/\u0648\u0632\u064a\u0631-\u0627\u0644\u062a\u0645\u0648\u064a\u0646-\u0633\u062d\u0628-\u0639\u064a\u0646\u0627\u062a-\u0645\u0646-\u0627\u0644\u0645\u0648\u0627\u062f-\u0627\u0644\u0628\u062a\u0631\u0648\u0644\u064a\u0629-\u0644\u0645\u0637\u0627\u0628\u0642\u062a\u0647\u0627-\u0648\u0636\u0628\u0637-\u0627\u0644\u0645\u062a\u0644\u0627\u0639\u0628\u064a\u0646/6976644\">\u0648\u0632\u064a\u0631 \u0627\u0644\u062a\u0645\u0648\u064a\u0646: \u0633\u062d\u0628 \u0639\u064a\u0646\u0627\u062a \u0645\u0646 \u0627\u0644\u0645\u0648\u0627\u062f \u0627\u0644\u0628\u062a\u0631\u0648\u0644\u064a\u0629 \u0644\u0645\u0637\u0627\u0628\u0642\u062a\u0647\u0627 \u0648\u0636\u0628\u0637 \u0627\u0644\u0645\u062a\u0644\u0627\u0639\u0628\u064a\u0646</a>\n</h3>\n</li>\n<li>\n<h3>\n<a href=\"/story/2025/5/5/3-\u0623\u0647\u062f\u0627\u0641-\u062a\u0631\u062c\u062d-\u0643\u0641\u0629-\u0627\u0644\u0623\u0647\u0644\u064a-\u0641\u0649-\u0627\u0644\u062a\u062a\u0648\u064a\u062c-\u0628\u0627\u0644\u062f\u0648\u0631\u064a-\u062d\u0627\u0644-\u0627\u0644\u062a\u0633\u0627\u0648\u064a/6975961\">3 \u0623\u0647\u062f\u0627\u0641 \u062a\u0631\u062c\u062d \u0643\u0641\u0629 \u0627\u0644\u0623\u0647\u0644\u064a \u0641\u0649 \u0627\u0644\u062a\u062a\u0648\u064a\u062c \u0628\u0627\u0644\u062f\u0648\u0631\u064a \u062d\u0627\u0644 \u0627\u0644\u062a\u0633\u0627\u0648\u064a \u0645\u0639 \u0628\u064a\u0631\u0627\u0645\u064a\u062f\u0632</a>\n</h3>\n</li>\n<li>\n<h3>\n<a href=\"/story/2025/5/5/\u0648\u0632\u064a\u0631\u0629-\u0627\u0644\u062a\u0646\u0645\u064a\u0629-\u0627\u0644\u0645\u062d\u0644\u064a\u0629-\u0648\u0632\u0627\u0631\u0629-\u0627\u0644\u0625\u0633\u0643\u0627\u0646-\u0645\u0633\u0626\u0648\u0644\u0629-\u0639\u0646-\u062a\u0639\u0648\u064a\u0636\u0627\u062a-\u0642\u0627\u0646\u0648\u0646-\u0627\u0644\u0625\u064a\u062c\u0627\u0631/6976605\">\u0648\u0632\u064a\u0631\u0629 \u0627\u0644\u062a\u0646\u0645\u064a\u0629 \u0627\u0644\u0645\u062d\u0644\u064a\u0629: \u0648\u0632\u0627\u0631\u0629 \u0627\u0644\u0625\u0633\u0643\u0627\u0646 \u0645\u0633\u0626\u0648\u0644\u0629 \u0639\u0646 \u062a\u0639\u0648\u064a\u0636\u0627\u062a \u0642\u0627\u0646\u0648\u0646 \u0627\u0644\u0625\u064a\u062c\u0627\u0631 \u0627\u0644\u0642\u062f\u064a\u0645</a>\n</h3>\n</li>\n<li>\n<h3>\n<a href=\"/story/2025/5/5/\u0631\u0627\u0628\u0637\u0629-\u0627\u0644\u0623\u0646\u062f\u064a\u0629-\u0645\u0628\u0627\u0631\u0627\u0629-\u0628\u064a\u0631\u0627\u0645\u064a\u062f\u0632-\u0648\u0633\u064a\u0631\u0627\u0645\u064a\u0643\u0627-\u0641\u0649-\u0645\u0648\u0639\u062f\u0647\u0627-28-\u0645\u0627\u064a\u0648/6976531\">\u0631\u0627\u0628\u0637\u0629 \u0627\u0644\u0623\u0646\u062f\u064a\u0629: \u0645\u0628\u0627\u0631\u0627\u0629 \u0628\u064a\u0631\u0627\u0645\u064a\u062f\u0632 \u0648\u0633\u064a\u0631\u0627\u0645\u064a\u0643\u0627 \u0641\u0649 \u0645\u0648\u0639\u062f\u0647\u0627 28 \u0645\u0627\u064a\u0648</a>\n</h3>\n</li>\n<li>\n<h3>\n<a href=\"/story/2025/5/5/\u0627\u0644\u062d\u0643\u0648\u0645\u0629-\u0639\u062f\u0645-\u0625\u0642\u0631\u0627\u0631-\u0642\u0627\u0646\u0648\u0646-\u0627\u0644\u0625\u064a\u062c\u0627\u0631-\u0627\u0644\u0642\u062f\u064a\u0645-\u0633\u064a\u062a\u0631\u062a\u0628-\u0639\u0644\u064a\u0647-\u0641\u0633\u062e-\u0627\u0644\u0639\u0642\u062f/6976483\">\u0627\u0644\u062d\u0643\u0648\u0645\u0629: \u0639\u062f\u0645 \u0625\u0642\u0631\u0627\u0631 \u0642\u0627\u0646\u0648\u0646 \u0627\u0644\u0625\u064a\u062c\u0627\u0631 \u0627\u0644\u0642\u062f\u064a\u0645 \u0633\u064a\u062a\u0631\u062a\u0628 \u0639\u0644\u064a\u0647 \u0641\u0633\u062e \u0627\u0644\u0639\u0642\u062f \u0628\u064a\u0646 \u0627\u0644\u0637\u0631\u0641\u064a\u0646</a>\n</h3>\n</li>\n<li>\n<h3>\n<a href=\"/story/2025/5/5/\u0635\u0628\u0631\u064a-\u0639\u0628\u062f-\u0627\u0644\u0645\u0646\u0639\u0645-\u062d\u0627\u0644\u062a\u0649-\u0645\u0633\u062a\u0642\u0631\u0629-\u0625\u0644\u0649-\u062d\u062f-\u0645\u0627-\u0648\u0643\u0644-\u0627\u0644\u0644\u0649/6976427\">\u0635\u0628\u0631\u064a \u0639\u0628\u062f \u0627\u0644\u0645\u0646\u0639\u0645: \u062d\u0627\u0644\u062a\u0649 \u0645\u0633\u062a\u0642\u0631\u0629 \u0625\u0644\u0649 \u062d\u062f \u0645\u0627 \u0648\u0643\u0644 \u0627\u0644\u0644\u0649 \u064a\u062c\u064a\u0628\u0647 \u0631\u0628\u0646\u0627 \u0643\u0648\u064a\u0633</a>\n</h3>\n</li>\n<li>\n<h3>\n<a href=\"/story/2025/5/5/\u0627\u0644\u0631\u0626\u064a\u0633-\u0627\u0644\u0633\u064a\u0633\u0649-\u064a\u0633\u062a\u0642\u0628\u0644-\u0633\u064f\u0644\u0637\u0627\u0646-\u0627\u0644\u0628\u0647\u0631\u0629-\u0628\u0627\u0644\u0647\u0646\u062f-\u0648\u0623\u0646\u062c\u0627\u0644\u0647-\u0641\u064a\u062f\u064a\u0648/6976412\">\u0627\u0644\u0631\u0626\u064a\u0633 \u0627\u0644\u0633\u064a\u0633\u0649 \u064a\u0633\u062a\u0642\u0628\u0644 \u0633\u064f\u0644\u0637\u0627\u0646 \"\u0627\u0644\u0628\u0647\u0631\u0629\" \u0628\u0627\u0644\u0647\u0646\u062f \u0648\u0623\u0646\u062c\u0627\u0644\u0647.. \u0641\u064a\u062f\u064a\u0648</a>\n</h3>\n</li>\n</ul>\n<a class=\"rssIco\" href=\"/rss/rss\" target=\"_blank\">\n<img alt=\"\u0627\u0644\u064a\u0648\u0645 \u0627\u0644\u0633\u0627\u0628\u0639 RSS\" class=\"img-responsive\" height=\"31px\" src=\"/images/tickerRSS.gif\" title=\"\u0627\u0644\u064a\u0648\u0645 \u0627\u0644\u0633\u0627\u0628\u0639 RSS\" width=\"36px\"/>\n</a>\n</div>\n</div>\n<!--Search-->\n<div class=\"col-xs-4 searchCont\">\n<form action=\"/Home/Search\">\n<div class=\"input-group\">\n<button class=\"btn btn-search\" type=\"button\">\n<img alt=\"\u0628\u062d\u062b \u0627\u0644\u064a\u0648\u0645 \u0627\u0644\u0633\u0627\u0628\u0639\" class=\"img-responsive\" height=\"22px\" src=\"/images/searchButtonBG.gif\" title=\"\u0628\u062d\u062b \u0627\u0644\u064a\u0648\u0645 \u0627\u0644\u0633\u0627\u0628\u0639\" width=\"54px\"/>\n</button>\n<input class=\"search-query form-control\" name=\"allwords\" placeholder=\"\" type=\"text\"/>\n</div>\n</form>\n</div>\n</div>\n</div>\n<!--Ticker And Search End-->\n</header>\n<!--Header End-->\n<!--Body start-->\n<img alt=\"POD\" src=\"https://img.youm7.com/ArticleImgs/2020/1/21/99838-advertisewithuspod.jpg\" style=\"margin:15px auto;display:block;\" title=\"POD\"/>\n<!--Body End-->\n<!--Footer Start-->\n<!-- Bill Board-->\n<center>\n<script type=\"text/javascript\"><!--\r\ngoogle_ad_client = \"ca-pub-7209808242714184\";\r\n/* Youm7-ADX-BB */\r\ngoogle_ad_slot = \"Youm7-ADX-BB\";\r\ngoogle_ad_width = 970;\r\ngoogle_ad_height = 250;\r\n//-->\r\n</script>\n<script src=\"//pagead2.googlesyndication.com/pagead/show_ads.js\" type=\"text/javascript\">\n</script>\n</center>\n<footer class=\"row footer\">\n<div class=\"container mobile-app\">\n<div class=\"app-links\">\n<!--ios-->\n<a href=\"https://itunes.apple.com/eg/app/id989792325\" rel=\"nofollow\" target=\"_blank\">\n<img alt=\"apple\" class=\"img-responsive\" height=\"48px\" src=\"/images/footer/applebtn.png\" title=\"\u0627\u0644\u064a\u0648\u0645 \u0627\u0644\u0633\u0627\u0628\u0639\" width=\"48px\"/>\n</a>\n<!--android-->\n<a href=\"https://play.google.com/store/apps/details?id=com.youm7.news&amp;hl=en\" rel=\"nofollow\" target=\"_blank\">\n<img alt=\"\u0627\u0646\u062f\u0631\u0648\u064a\u062f\" class=\"img-responsive\" height=\"48px\" src=\"/images/footer/androidbtn.png\" title=\"\u0627\u0644\u064a\u0648\u0645 \u0627\u0644\u0633\u0627\u0628\u0639\" width=\"48px\"/>\n</a>\n<a href=\"https://appgallery.cloud.huawei.com/ag/n/app/C100093169?locale=en_US&amp;source=appshare&amp;subsource=C100093169\" rel=\"nofollow\" target=\"_blank\">\n<img alt=\"\u0647\u0648\u0627\u0648\u0649\" class=\"img-responsive\" height=\"48px\" src=\"/images/footer/huaweibtn.png\" title=\"\u0647\u0648\u0627\u0648\u0649\" width=\"48px\"/>\n</a>\n</div>\n</div>\n<div class=\"row footer-up\">\n<div class=\"container\">\n<!--Footer Menu-->\n<div class=\"col-xs-8 footerMenu\">\n<ul>\n<li><a href=\"/Section/\u0623\u062e\u0628\u0627\u0631-\u0639\u0627\u062c\u0644\u0629/65/1\"> <h2>\u0639\u0627\u062c\u0644</h2> </a></li>\n<li><a href=\"/Section/\u0633\u064a\u0627\u0633\u0629/319/1\"> <h2>\u0633\u064a\u0627\u0633\u0629</h2> </a></li>\n<li><a href=\"/Section/\u062a\u0642\u0627\u0631\u064a\u0631-\u0645\u0635\u0631\u064a\u0629/97/1\"> <h2>\u062a\u0642\u0627\u0631\u064a\u0631</h2> </a></li>\n<li><a href=\"/Section/\u062d\u0648\u0627\u062f\u062b/203/1\"> <h2>\u062d\u0648\u0627\u062f\u062b</h2> </a></li>\n<li><a href=\"/Section/\u0623\u062e\u0628\u0627\u0631-\u0627\u0644\u0645\u062d\u0627\u0641\u0638\u0627\u062a/296/1\"> <h2>\u0645\u062d\u0627\u0641\u0638\u0627\u062a</h2> </a></li>\n<li><a href=\"/Section/\u062a\u062d\u0642\u064a\u0642\u0627\u062a-\u0648\u0645\u0644\u0641\u0627\u062a/12/1\"> <h2>\u062a\u062d\u0642\u064a\u0642\u0627\u062a</h2> </a></li>\n<li><a href=\"/Section/\u0623\u062e\u0628\u0627\u0631-\u0627\u0644\u0631\u064a\u0627\u0636\u0629/298/1\"> <h2>\u0631\u064a\u0627\u0636\u0629</h2> </a></li>\n<li><a href=\"/Section/\u0627\u0642\u062a\u0635\u0627\u062f-\u0648\u0628\u0648\u0631\u0635\u0629/297/1\"> <h2>\u0627\u0642\u062a\u0635\u0627\u062f \u0648\u0628\u0648\u0631\u0635\u0629</h2> </a></li>\n<li><a href=\"/Section/\u0623\u062e\u0628\u0627\u0631-\u0639\u0631\u0628\u064a\u0629/88/1\"> <h2>\u0639\u0631\u0628</h2> </a></li>\n<li><a href=\"/Section/\u0623\u062e\u0628\u0627\u0631-\u0639\u0627\u0644\u0645\u064a\u0629/286/1\"> <h2>\u0639\u0627\u0644\u0645</h2> </a></li>\n<li><a href=\"/Section/\u0643\u0627\u0631\u064a\u0643\u0627\u062a\u064a\u0631-\u0627\u0644\u064a\u0648\u0645/192/1\"> <h2>\u0643\u0627\u0631\u064a\u0643\u0627\u062a\u064a\u0631</h2> </a></li>\n<li><a href=\"/Section/\u0641\u0646/48/1\"> <h2>\u0641\u0646</h2> </a></li>\n<li><a href=\"/Section/\u062a\u0644\u064a\u0641\u0632\u064a\u0648\u0646/251/1\"> <h2>\u062a\u0644\u064a\u0641\u0632\u064a\u0648\u0646</h2> </a></li>\n<li><a href=\"/Section/\u062b\u0642\u0627\u0641\u0629/94/1\"> <h2>\u062b\u0642\u0627\u0641\u0629</h2> </a></li>\n<li><a href=\"/Section/\u0627\u0644\u0645\u0631\u0623\u0629-\u0648\u0627\u0644\u0645\u0646\u0648\u0639\u0627\u062a/89/1\"> <h2>\u0645\u0631\u0623\u0629 \u0648 \u0645\u0646\u0648\u0639\u0627\u062a</h2> </a></li>\n<li><a href=\"/Section/\u0635\u062d\u0629-\u0648\u0637\u0628/245/1\"> <h2>\u0635\u062d\u0629</h2> </a></li>\n<li><a href=\"/Section/\u0623\u0644\u0628\u0648\u0645\u0627\u062a-\u0627\u0644\u064a\u0648\u0645-\u0627\u0644\u0633\u0627\u0628\u0639/291/1\"> <h2>\u0623\u0644\u0628\u0648\u0645\u0627\u062a</h2> </a></li>\n<li><a href=\"/Editor/Alleditors\"> <h2>\u0645\u0642\u0627\u0644\u0627\u062a</h2> </a></li>\n<li><a href=\"/Section/\u0639\u0644\u0648\u0645-\u0648-\u062a\u0643\u0646\u0648\u0644\u0648\u062c\u064a\u0627/328/1\"> <h2>\u062a\u0643\u0646\u0648\u0644\u0648\u062c\u064a\u0627</h2> </a></li>\n<li><a href=\"/Section/\u0641\u064a\u062f\u064a\u0648-7/355/1\"><h2>\u0641\u064a\u062f\u064a\u0648 7</h2></a></li>\n</ul>\n</div>\n<div class=\"col-xs-4 social-footer\">\n<a class=\"footer-logo\" href=\"https://www.youm7.com\">\n<img alt=\"\u0627\u0644\u064a\u0648\u0645 \u0627\u0644\u0633\u0627\u0628\u0639\" class=\"img-responsive\" height=\"204px\" src=\"/images/footer/Logo-footer-2.png\" title=\"\u0627\u0644\u064a\u0648\u0645 \u0627\u0644\u0633\u0627\u0628\u0639\" width=\"183px\"/>\n</a>\n<br/>\n<div class=\"newFooterMenu\">\n<a href=\"/AboutUs\">\u0645\u0646 \u0646\u062d\u0646</a>\n<a href=\"/privacy\">\u0633\u064a\u0627\u0633\u0629 \u0627\u0644\u062e\u0635\u0648\u0635\u064a\u0629</a>\n</div>\n</div>\n</div>\n</div>\n<div class=\"footer-bottom row\">\n<div class=\"container copyRights\">\n<!--CopyRights-->\n<div class=\"col-xs-4\">\n<div class=\"copyright\">\u00a9 2020 \u062d\u0642\u0648\u0642 \u0627\u0644\u0646\u0634\u0631 \u0645\u062d\u0641\u0648\u0638\u0629 \u0644\u0640<h1>\u0627\u0644\u064a\u0648\u0645 \u0627\u0644\u0633\u0627\u0628\u0639</h1></div>\n</div>\n<div class=\"col-xs-4\">\n<div class=\"social-new-ico\">\n<!--facebook-->\n<a href=\"https://www.facebook.com/youm7\" rel=\"nofollow\" target=\"_blank\">\n<img alt=\"\u0627\u0644\u064a\u0648\u0645 \u0627\u0644\u0633\u0627\u0628\u0639 \u0639\u0644\u0649 \u0641\u064a\u0633 \u0628\u0648\u0643\" class=\"img-responsive\" height=\"20px\" src=\"/images/footer/Facebook-c.png\" title=\"\u0627\u0644\u064a\u0648\u0645 \u0627\u0644\u0633\u0627\u0628\u0639 \u0639\u0644\u0649 \u0641\u064a\u0633 \u0628\u0648\u0643\" width=\"20px\"/>\n</a>\n<!--twitter-->\n<a href=\"https://twitter.com/youm7\" rel=\"nofollow\" target=\"_blank\">\n<img alt=\"\u0627\u0644\u064a\u0648\u0645 \u0627\u0644\u0633\u0627\u0628\u0639 \u0639\u0644\u0649 X\" class=\"img-responsive\" height=\"20px\" src=\"/images/footer/x.png\" title=\"\u0627\u0644\u064a\u0648\u0645 \u0627\u0644\u0633\u0627\u0628\u0639 \u0639\u0644\u0649 X\" width=\"20px\"/>\n</a>\n<!--instagram-->\n<a href=\"https://instagram.com/youm7\" rel=\"nofollow\" target=\"_blank\">\n<img alt=\"\u0627\u0644\u064a\u0648\u0645 \u0627\u0644\u0633\u0627\u0628\u0639 \u0639\u0644\u0649 \u0627\u0646\u0633\u062a\u062c\u0631\u0627\u0645\" class=\"img-responsive\" height=\"20px\" src=\"/images/footer/Instagram-c.png\" title=\"\u0627\u0644\u064a\u0648\u0645 \u0627\u0644\u0633\u0627\u0628\u0639 \u0639\u0644\u0649 \u0627\u0646\u0633\u062a\u062c\u0631\u0627\u0645\" width=\"20px\"/>\n</a>\n<!--youtube-->\n<a href=\"https://www.youtube.com/user/mubasheryoum7\" rel=\"nofollow\" target=\"_blank\">\n<img alt=\"\u0627\u0644\u064a\u0648\u0645 \u0627\u0644\u0633\u0627\u0628\u0639 \u0639\u0644\u0649 \u064a\u0648\u062a\u064a\u0648\u0628\" class=\"img-responsive\" height=\"20px\" src=\"/images/footer/Youtube-c.png\" title=\"\u0627\u0644\u064a\u0648\u0645 \u0627\u0644\u0633\u0627\u0628\u0639 \u0639\u0644\u0649 \u064a\u0648\u062a\u064a\u0648\u0628\" width=\"20px\"/>\n</a>\n<!--rss-->\n<a href=\"/rss/rss\" target=\"_blank\">\n<img alt=\"\u0627\u0644\u064a\u0648\u0645 \u0627\u0644\u0633\u0627\u0628\u0639 RSS\" class=\"img-responsive\" height=\"20px\" src=\"/images/footer/RSS-c.png\" title=\"\u0627\u0644\u064a\u0648\u0645 \u0627\u0644\u0633\u0627\u0628\u0639 RSS\" width=\"20px\"/>\n</a>\n<!--ios-->\n<a href=\"https://itunes.apple.com/eg/app/id989792325\" rel=\"nofollow\" target=\"_blank\">\n<img alt=\"\u062a\u0637\u0628\u064a\u0642 \u0627\u0644\u064a\u0648\u0645 \u0627\u0644\u0633\u0627\u0628\u0639 \u0639\u0644\u0649 \u0623\u0628\u0644\" class=\"img-responsive\" height=\"20px\" src=\"/images/footer/Apple-c.png\" title=\"\u062a\u0637\u0628\u064a\u0642 \u0627\u0644\u064a\u0648\u0645 \u0627\u0644\u0633\u0627\u0628\u0639 \u0639\u0644\u0649 \u0623\u0628\u0644\" width=\"20px\"/>\n</a>\n<!--android-->\n<a href=\"https://play.google.com/store/apps/details?id=com.youm7.news&amp;hl=en\" rel=\"nofollow\" target=\"_blank\">\n<img alt=\"\u062a\u0637\u0628\u064a\u0642 \u0627\u0644\u064a\u0648\u0645 \u0627\u0644\u0633\u0627\u0628\u0639 \u0639\u0644\u0649 \u0627\u0646\u062f\u0631\u0648\u064a\u062f\" class=\"img-responsive\" height=\"20px\" src=\"/images/footer/Android-c.png\" title=\"\u062a\u0637\u0628\u064a\u0642 \u0627\u0644\u064a\u0648\u0645 \u0627\u0644\u0633\u0627\u0628\u0639 \u0639\u0644\u0649 \u0627\u0646\u062f\u0631\u0648\u064a\u062f\" width=\"20px\"/>\n</a>\n<a href=\"https://appgallery.cloud.huawei.com/ag/n/app/C100093169?locale=en_US&amp;source=appshare&amp;subsource=C100093169\" rel=\"nofollow\" target=\"_blank\">\n<img alt=\"\u062a\u0637\u0628\u064a\u0642 \u0627\u0644\u064a\u0648\u0645 \u0627\u0644\u0633\u0627\u0628\u0639 \u0639\u0644\u0649 \u0647\u0648\u0627\u0648\u0649\" class=\"img-responsive\" height=\"20px\" src=\"/images/footer/huaweiicon.png\" title=\"\u062a\u0637\u0628\u064a\u0642 \u0627\u0644\u064a\u0648\u0645 \u0627\u0644\u0633\u0627\u0628\u0639 \u0639\u0644\u0649 \u0647\u0648\u0627\u0648\u0649\" width=\"20px\"/>\n</a>\n</div>\n</div>\n<div class=\"col-xs-4\">\n<div class=\"createdBy\">\n<div class=\"clicksegypt\">\n<p>\u062a\u0645 \u0627\u0644\u062a\u0635\u0645\u064a\u0645 \u0648\u0627\u0644\u062a\u0637\u0648\u064a\u0631 \u0628\u0648\u0627\u0633\u0637\u0629</p>\n<a href=\"https://www.clicksegypt.net/\" target=\"_blank\"><img alt=\"clicks Egypt\" height=\"38px\" src=\"/images/footer/clicksegypt.png\" width=\"100px\"/></a>\n<div class=\"clear\"></div>\n</div>\n</div>\n</div>\n</div>\n</div>\n</footer>\n<!--Footer End-->\n<!-- Sticky-->\n<script src=\"/Scripts/layoutScripts.js\" type=\"text/javascript\"></script>\n<script src=\"/bundle/BodyScript?v=7S1evPYRNjeHyvWuXfJ2Wtryn2IPD7aCXBhQVSLzcTU1\"></script>\n<script src=\"/Scripts/tickeN.min.js\" type=\"text/javascript\"></script>\n<!-- <script src='/Scripts/adblockcheckv3.js' type=\"text/javascript\"></script> -->\n<script src=\"/Scripts/js_swiper.min.js\" type=\"text/javascript\"></script>\n<!-- Sticky Banner -->\n<script type=\"text/javascript\">\r\n        $(document).ready(function () {\r\n            var falg1 = false;\r\n            var falg2 = true;\r\n\r\n            $(window).on(\"load\", function () {\r\n                //HomepageCode\r\n                if ($(\"#div-gpt-ad-1560167543140-0\").find('iframe[title=\"3rd party ad content\"]').length == 1) {\r\n                  \r\n                    $(this).parent().parent().parent().css({ \"display\": \"block\" });\r\n                    var ced = $(window).scroll(function () {\r\n                        var scroll = $(window).scrollTop();\r\n                        if ((scroll >= 200) && (falg1 == false)) {\r\n                            $('#adPopBOTtOM').show();\r\n                            falg1 = true;\r\n                        } else if (scroll <= 100) {\r\n                            $('#adPopBOTtOM').hide();\r\n                        }\r\n                    });\r\n\r\n                    var loadsticky = function () {\r\n                        setTimeout(function () {\r\n                            $('#adPopBOTtOM').hide();\r\n                        }, 10000);\r\n                    };\r\n                }\r\n                else {\r\n                   \r\n                    $(\"#div-gpt-ad-1560167543140-0\").parent().hide();\r\n                }\r\n            });\r\n            //window).load(function () {\r\n                //setTimeout(function () {\r\n                    //try {\r\n                        //loadsticky();\r\n                    //}\r\n                    //catch (err) {\r\n                        //$('#adPopBOTtOM').hide();\r\n                        //loadsticky();\r\n                    //}\r\n                //}, 100);\r\n            //});\r\n\r\n            $('#adPopBOTtOM #adPopBOTtOMClose').click(function (e) {\r\n                e.preventDefault();\r\n                $('#adPopBOTtOM').hide();\r\n                falg1 = true;\r\n            });\r\n        });\r\n    </script>\n<script>\r\n        $(document).ready(function () {\r\n            //iframe\r\n            var FullIframe = setInterval(function () {\r\n                //if leaderbord img only , image centerd\r\n                $(\"#div-gpt-ad-1559434773218-0\").find('iframe').css({ \"margin\": \"auto\", \"display\": \"block\" });\r\n                //otpcode\r\n                $(\".showOTP\").find(\"#div-gpt-ad-1559434773218-0\").find('iframe[title=\"3rd party ad content\"]').css({ \"width\": \"780px\", \"height\": \"400px\", \"overflow\": \"visible\", \"position\": \"absolute\", \"top\": \"0px\", \"right\": \"0px\", \"left\": \"0\", \"margin\": \"auto\", \"z-index\": \"3\" });\r\n                $(\".hideOTP\").find(\"#div-gpt-ad-1559434773218-0\").find('iframe[title=\"3rd party ad content\"]').css({ \"width\": \"728px\", \"height\": \"90px\", \"overflow\": \"visible\", \"position\": \"absolute\", \"top\": \"5px\", \"right\": \"0px\", \"left\": \"0\", \"margin\": \"auto\", \"z-index\": \"3\" });\r\n                //$(\".hideOTP\").find(\".optClose\").parent().parent().parent().parent().css({ \"width\": \"728px\", \"height\": \"90px\", \"overflow\": \"visible\", \"position\": \"absolute\", \"top\": \"5px\", \"right\": \"0px\", \"left\": \"0\", \"margin\": \"auto\", \"z-index\": \"3\" });\r\n            }, 100);\r\n\r\n            setTimeout(function () {\r\n                clearInterval(FullIframe);\r\n            }, 15000);\r\n\r\n        });\r\n    </script>\n<!-- Taboola-->\n<script type=\"text/javascript\">\r\n  window._taboola = window._taboola || [];\r\n  _taboola.push({flush: true});\r\n</script>\n</body>\n</html>\n", "content_text": "\u0627\u0644\u064a\u0648\u0645 \u0627\u0644\u0633\u0627\u0628\u0639 \u0627\u0644\u062b\u0644\u0627\u062b\u0627\u0621\u060c 06 \u0645\u0627\u064a\u0648 2025 08:02 \u0635 \u0627\u0644\u0631\u0626\u064a\u0633\u064a\u0629 \u0639\u0627\u062c\u0644 \u0633\u064a\u0627\u0633\u0629 \u062a\u0642\u0627\u0631\u064a\u0631 \u062d\u0648\u0627\u062f\u062b \u0639\u0631\u0628 \u0639\u0627\u0644\u0645 \u062a\u062d\u0642\u064a\u0642\u0627\u062a \u0627\u0642\u062a\u0635\u0627\u062f \u0631\u064a\u0627\u0636\u0629 \u0643\u0631\u0629 \u0639\u0627\u0644\u0645\u064a\u0629 \u0627\u0644\u0645\u0632\u064a\u062f \u0645\u062d\u0627\u0641\u0638\u0627\u062a \u0628\u0644\u062f\u0646\u0627 \u062a\u0644\u064a\u0641\u0632\u064a\u0648\u0646 \u0627\u0644\u064a\u0648\u0645 \u0627\u0644\u0633\u0627\u0628\u0639 \u062f\u064a\u0646 \u0648\u062d\u064a\u0627\u0629 \u0623\u0633\u0639\u0627\u0631 \u0648\u0623\u0633\u0648\u0627\u0642 \u0643\u0627\u0631\u064a\u0643\u0627\u062a\u064a\u0631 \u0641\u0646 \u062d\u0638\u0643 \u0627\u0644\u064a\u0648\u0645 \u062a\u0644\u064a\u0641\u0632\u064a\u0648\u0646 \u062b\u0642\u0627\u0641\u0629 \u0645\u0631\u0623\u0629 \u0648 \u0645\u0646\u0648\u0639\u0627\u062a \u0635\u062d\u0629 \u0623\u0644\u0628\u0648\u0645\u0627\u062a \u0645\u0642\u0627\u0644\u0627\u062a \u062a\u0643\u0646\u0648\u0644\u0648\u062c\u064a\u0627 \u0645\u062d\u0627\u0641\u0638\u0627\u062a \u0641\u064a\u062f\u064a\u0648 7 \u0627\u0644\u0631\u0626\u064a\u0633 \u0627\u0644\u0633\u064a\u0633\u0649 \u064a\u0634\u0647\u062f \u0627\u0641\u062a\u062a\u0627\u062d \u0628\u0637\u0648\u0644\u0629 \u0627\u0644\u0639\u0627\u0644\u0645 \u0627\u0644\u0639\u0633\u0643\u0631\u064a\u0629 \u0644\u0644\u0641\u0631\u0648\u0633\u064a\u0629 \u0628\u0627\u0644\u0639\u0627\u0635\u0645\u0629 \u0627\u0644\u0625\u062f\u0627\u0631\u064a\u0629 \u0627\u0644\u062c\u062f\u064a\u062f\u0629 \u0627\u0641\u062a\u062a\u0627\u062d \u0628\u0637\u0648\u0644\u0629 \u0627\u0644\u0639\u0627\u0644\u0645 \u0627\u0644\u0639\u0633\u0643\u0631\u064a\u0629 \u0644\u0644\u0641\u0631\u0648\u0633\u064a\u0629 \u0631\u0642\u0645 25 \u0628\u0627\u0644\u0639\u0627\u0635\u0645\u0629 \u0627\u0644\u0625\u062f\u0627\u0631\u064a\u0629 \u0628\u062d\u0636\u0648\u0631 \u0627\u0644\u0631\u0626\u064a\u0633 \u0627\u0644\u0633\u064a\u0633\u064a.. \u0628\u062b \u0645\u0628\u0627\u0634\u0631 \u0627\u0644\u0628\u062a\u0631\u0648\u0644 \u062a\u0624\u0643\u062f \u0645\u0637\u0627\u0628\u0642\u0629 \u0627\u0644\u0628\u0646\u0632\u064a\u0646 \u0644\u0644\u0645\u0648\u0627\u0635\u0641\u0629 \u0627\u0644\u0642\u064a\u0627\u0633\u064a\u0629 \u0627\u0644\u0645\u0635\u0631\u064a\u0629 \u0641\u0649 \u0643\u0627\u0641\u0629 \u0627\u0644\u0645\u062d\u0637\u0627\u062a \u0648\u0632\u064a\u0631 \u0627\u0644\u062a\u0645\u0648\u064a\u0646: \u0633\u062d\u0628 \u0639\u064a\u0646\u0627\u062a \u0645\u0646 \u0627\u0644\u0645\u0648\u0627\u062f \u0627\u0644\u0628\u062a\u0631\u0648\u0644\u064a\u0629 \u0644\u0645\u0637\u0627\u0628\u0642\u062a\u0647\u0627 \u0648\u0636\u0628\u0637 \u0627\u0644\u0645\u062a\u0644\u0627\u0639\u0628\u064a\u0646 3 \u0623\u0647\u062f\u0627\u0641 \u062a\u0631\u062c\u062d \u0643\u0641\u0629 \u0627\u0644\u0623\u0647\u0644\u064a \u0641\u0649 \u0627\u0644\u062a\u062a\u0648\u064a\u062c \u0628\u0627\u0644\u062f\u0648\u0631\u064a \u062d\u0627\u0644 \u0627\u0644\u062a\u0633\u0627\u0648\u064a \u0645\u0639 \u0628\u064a\u0631\u0627\u0645\u064a\u062f\u0632 \u0648\u0632\u064a\u0631\u0629 \u0627\u0644\u062a\u0646\u0645\u064a\u0629 \u0627\u0644\u0645\u062d\u0644\u064a\u0629: \u0648\u0632\u0627\u0631\u0629 \u0627\u0644\u0625\u0633\u0643\u0627\u0646 \u0645\u0633\u0626\u0648\u0644\u0629 \u0639\u0646 \u062a\u0639\u0648\u064a\u0636\u0627\u062a \u0642\u0627\u0646\u0648\u0646 \u0627\u0644\u0625\u064a\u062c\u0627\u0631 \u0627\u0644\u0642\u062f\u064a\u0645 \u0631\u0627\u0628\u0637\u0629 \u0627\u0644\u0623\u0646\u062f\u064a\u0629: \u0645\u0628\u0627\u0631\u0627\u0629 \u0628\u064a\u0631\u0627\u0645\u064a\u062f\u0632 \u0648\u0633\u064a\u0631\u0627\u0645\u064a\u0643\u0627 \u0641\u0649 \u0645\u0648\u0639\u062f\u0647\u0627 28 \u0645\u0627\u064a\u0648 \u0627\u0644\u062d\u0643\u0648\u0645\u0629: \u0639\u062f\u0645 \u0625\u0642\u0631\u0627\u0631 \u0642\u0627\u0646\u0648\u0646 \u0627\u0644\u0625\u064a\u062c\u0627\u0631 \u0627\u0644\u0642\u062f\u064a\u0645 \u0633\u064a\u062a\u0631\u062a\u0628 \u0639\u0644\u064a\u0647 \u0641\u0633\u062e \u0627\u0644\u0639\u0642\u062f \u0628\u064a\u0646 \u0627\u0644\u0637\u0631\u0641\u064a\u0646 \u0635\u0628\u0631\u064a \u0639\u0628\u062f \u0627\u0644\u0645\u0646\u0639\u0645: \u062d\u0627\u0644\u062a\u0649 \u0645\u0633\u062a\u0642\u0631\u0629 \u0625\u0644\u0649 \u062d\u062f \u0645\u0627 \u0648\u0643\u0644 \u0627\u0644\u0644\u0649 \u064a\u062c\u064a\u0628\u0647 \u0631\u0628\u0646\u0627 \u0643\u0648\u064a\u0633 \u0627\u0644\u0631\u0626\u064a\u0633 \u0627\u0644\u0633\u064a\u0633\u0649 \u064a\u0633\u062a\u0642\u0628\u0644 \u0633\u064f\u0644\u0637\u0627\u0646 \"\u0627\u0644\u0628\u0647\u0631\u0629\" \u0628\u0627\u0644\u0647\u0646\u062f \u0648\u0623\u0646\u062c\u0627\u0644\u0647.. \u0641\u064a\u062f\u064a\u0648 \u0639\u0627\u062c\u0644 \u0633\u064a\u0627\u0633\u0629 \u062a\u0642\u0627\u0631\u064a\u0631 \u062d\u0648\u0627\u062f\u062b \u0645\u062d\u0627\u0641\u0638\u0627\u062a \u062a\u062d\u0642\u064a\u0642\u0627\u062a \u0631\u064a\u0627\u0636\u0629 \u0627\u0642\u062a\u0635\u0627\u062f \u0648\u0628\u0648\u0631\u0635\u0629 \u0639\u0631\u0628 \u0639\u0627\u0644\u0645 \u0643\u0627\u0631\u064a\u0643\u0627\u062a\u064a\u0631 \u0641\u0646 \u062a\u0644\u064a\u0641\u0632\u064a\u0648\u0646 \u062b\u0642\u0627\u0641\u0629 \u0645\u0631\u0623\u0629 \u0648 \u0645\u0646\u0648\u0639\u0627\u062a \u0635\u062d\u0629 \u0623\u0644\u0628\u0648\u0645\u0627\u062a \u0645\u0642\u0627\u0644\u0627\u062a \u062a\u0643\u0646\u0648\u0644\u0648\u062c\u064a\u0627 \u0641\u064a\u062f\u064a\u0648 7 \u0645\u0646 \u0646\u062d\u0646 \u0633\u064a\u0627\u0633\u0629 \u0627\u0644\u062e\u0635\u0648\u0635\u064a\u0629 \u00a9 2020 \u062d\u0642\u0648\u0642 \u0627\u0644\u0646\u0634\u0631 \u0645\u062d\u0641\u0648\u0638\u0629 \u0644\u0640 \u0627\u0644\u064a\u0648\u0645 \u0627\u0644\u0633\u0627\u0628\u0639 \u062a\u0645 \u0627\u0644\u062a\u0635\u0645\u064a\u0645 \u0648\u0627\u0644\u062a\u0637\u0648\u064a\u0631 \u0628\u0648\u0627\u0633\u0637\u0629", "last_crawled": "2025-05-06T09:35:07.241610", "outgoing_links": ["https://www.youm7.com/", "https://www.youm7.com/home/advert", "https://www.youm7.com/Section/\u0623\u062e\u0628\u0627\u0631-\u0639\u0627\u062c\u0644\u0629/65/1", "https://www.youm7.com/Section/\u0633\u064a\u0627\u0633\u0629/319/1", "https://www.youm7.com/Section/\u062a\u0642\u0627\u0631\u064a\u0631-\u0645\u0635\u0631\u064a\u0629/97/1", "https://www.youm7.com/Section/\u062d\u0648\u0627\u062f\u062b/203/1", "https://www.youm7.com/Section/\u0623\u062e\u0628\u0627\u0631-\u0639\u0631\u0628\u064a\u0629/88/1", "https://www.youm7.com/Section/\u0623\u062e\u0628\u0627\u0631-\u0639\u0627\u0644\u0645\u064a\u0629/286/1", "https://www.youm7.com/Section/\u062a\u062d\u0642\u064a\u0642\u0627\u062a-\u0648\u0645\u0644\u0641\u0627\u062a/12/1", "https://www.youm7.com/Section/\u0627\u0642\u062a\u0635\u0627\u062f-\u0648\u0628\u0648\u0631\u0635\u0629/297/1", "https://www.youm7.com/Section/\u0623\u062e\u0628\u0627\u0631-\u0627\u0644\u0631\u064a\u0627\u0636\u0629/298/1", "https://www.youm7.com/Section/\u0643\u0631\u0629-\u0639\u0627\u0644\u0645\u064a\u0629/332/1", "https://www.youm7.com/Mohafzat/%D9%85%D8%AD%D8%A7%D9%81%D8%B8%D8%A7%D8%AA-%D8%A8%D9%84%D8%AF%D9%86%D8%A7", "https://www.youm7.com/videos", "https://www.youm7.com/Section/%D8%AF%D9%8A%D9%86-%D9%88%D8%AD%D9%8A%D8%A7%D8%A9/359/1", "https://www.youm7.com/Section/%D8%A3%D8%B3%D8%B9%D8%A7%D8%B1-%D9%88%D8%A3%D8%B3%D9%88%D8%A7%D9%82/358/1", "https://www.youm7.com/Section/\u0643\u0627\u0631\u064a\u0643\u0627\u062a\u064a\u0631-\u0627\u0644\u064a\u0648\u0645/192/1", "https://www.youm7.com/Section/\u0641\u0646/48/1", "https://www.youm7.com/Section/\u062d\u0638\u0643-\u0627\u0644\u064a\u0648\u0645/330/1", "https://www.youm7.com/Section/\u062a\u0644\u064a\u0641\u0632\u064a\u0648\u0646/251/1", "https://www.youm7.com/Section/\u062b\u0642\u0627\u0641\u0629/94/1", "https://www.youm7.com/Section/\u0627\u0644\u0645\u0631\u0623\u0629-\u0648\u0627\u0644\u0645\u0646\u0648\u0639\u0627\u062a/89/1", "https://www.youm7.com/Section/\u0635\u062d\u0629-\u0648\u0637\u0628/245/1", "https://www.youm7.com/Section/\u0623\u0644\u0628\u0648\u0645\u0627\u062a-\u0627\u0644\u064a\u0648\u0645-\u0627\u0644\u0633\u0627\u0628\u0639/291/1", "https://www.youm7.com/Editor/Alleditors", "https://www.youm7.com/Section/\u0639\u0644\u0648\u0645-\u0648-\u062a\u0643\u0646\u0648\u0644\u0648\u062c\u064a\u0627/328/1", "https://www.youm7.com/Section/\u0623\u062e\u0628\u0627\u0631-\u0627\u0644\u0645\u062d\u0627\u0641\u0638\u0627\u062a/296/1", "https://www.youm7.com/Section/\u0641\u064a\u062f\u064a\u0648-7/355/1", "https://www.youm7.com/home/index", "https://plus.youm7.com/", "https://www.youm7.com/story/2025/5/5/\u0627\u0644\u0631\u0626\u064a\u0633-\u0627\u0644\u0633\u064a\u0633\u0649-\u064a\u0634\u0647\u062f-\u0627\u0641\u062a\u062a\u0627\u062d-\u0628\u0637\u0648\u0644\u0629-\u0627\u0644\u0639\u0627\u0644\u0645-\u0627\u0644\u0639\u0633\u0643\u0631\u064a\u0629-\u0644\u0644\u0641\u0631\u0648\u0633\u064a\u0629-\u0628\u0627\u0644\u0639\u0627\u0635\u0645\u0629-\u0627\u0644\u0625\u062f\u0627\u0631\u064a\u0629/6976813", "https://www.youm7.com/story/2025/5/5/\u0627\u0641\u062a\u062a\u0627\u062d-\u0628\u0637\u0648\u0644\u0629-\u0627\u0644\u0639\u0627\u0644\u0645-\u0627\u0644\u0639\u0633\u0643\u0631\u064a\u0629-\u0644\u0644\u0641\u0631\u0648\u0633\u064a\u0629-\u0631\u0642\u0645-25-\u0628\u0627\u0644\u0639\u0627\u0635\u0645\u0629-\u0627\u0644\u0625\u062f\u0627\u0631\u064a\u0629-\u0628\u062d\u0636\u0648\u0631/6976808", "https://www.youm7.com/story/2025/5/5/\u0627\u0644\u0628\u062a\u0631\u0648\u0644-\u062a\u0624\u0643\u062f-\u0645\u0637\u0627\u0628\u0642\u0629-\u0627\u0644\u0628\u0646\u0632\u064a\u0646-\u0644\u0644\u0645\u0648\u0627\u0635\u0641\u0629-\u0627\u0644\u0642\u064a\u0627\u0633\u064a\u0629-\u0627\u0644\u0645\u0635\u0631\u064a\u0629-\u0641\u0649-\u0643\u0627\u0641\u0629-\u0627\u0644\u0645\u062d\u0637\u0627\u062a/6976732", "https://www.youm7.com/story/2025/5/5/\u0648\u0632\u064a\u0631-\u0627\u0644\u062a\u0645\u0648\u064a\u0646-\u0633\u062d\u0628-\u0639\u064a\u0646\u0627\u062a-\u0645\u0646-\u0627\u0644\u0645\u0648\u0627\u062f-\u0627\u0644\u0628\u062a\u0631\u0648\u0644\u064a\u0629-\u0644\u0645\u0637\u0627\u0628\u0642\u062a\u0647\u0627-\u0648\u0636\u0628\u0637-\u0627\u0644\u0645\u062a\u0644\u0627\u0639\u0628\u064a\u0646/6976644", "https://www.youm7.com/story/2025/5/5/3-\u0623\u0647\u062f\u0627\u0641-\u062a\u0631\u062c\u062d-\u0643\u0641\u0629-\u0627\u0644\u0623\u0647\u0644\u064a-\u0641\u0649-\u0627\u0644\u062a\u062a\u0648\u064a\u062c-\u0628\u0627\u0644\u062f\u0648\u0631\u064a-\u062d\u0627\u0644-\u0627\u0644\u062a\u0633\u0627\u0648\u064a/6975961", "https://www.youm7.com/story/2025/5/5/\u0648\u0632\u064a\u0631\u0629-\u0627\u0644\u062a\u0646\u0645\u064a\u0629-\u0627\u0644\u0645\u062d\u0644\u064a\u0629-\u0648\u0632\u0627\u0631\u0629-\u0627\u0644\u0625\u0633\u0643\u0627\u0646-\u0645\u0633\u0626\u0648\u0644\u0629-\u0639\u0646-\u062a\u0639\u0648\u064a\u0636\u0627\u062a-\u0642\u0627\u0646\u0648\u0646-\u0627\u0644\u0625\u064a\u062c\u0627\u0631/6976605", "https://www.youm7.com/story/2025/5/5/\u0631\u0627\u0628\u0637\u0629-\u0627\u0644\u0623\u0646\u062f\u064a\u0629-\u0645\u0628\u0627\u0631\u0627\u0629-\u0628\u064a\u0631\u0627\u0645\u064a\u062f\u0632-\u0648\u0633\u064a\u0631\u0627\u0645\u064a\u0643\u0627-\u0641\u0649-\u0645\u0648\u0639\u062f\u0647\u0627-28-\u0645\u0627\u064a\u0648/6976531", "https://www.youm7.com/story/2025/5/5/\u0627\u0644\u062d\u0643\u0648\u0645\u0629-\u0639\u062f\u0645-\u0625\u0642\u0631\u0627\u0631-\u0642\u0627\u0646\u0648\u0646-\u0627\u0644\u0625\u064a\u062c\u0627\u0631-\u0627\u0644\u0642\u062f\u064a\u0645-\u0633\u064a\u062a\u0631\u062a\u0628-\u0639\u0644\u064a\u0647-\u0641\u0633\u062e-\u0627\u0644\u0639\u0642\u062f/6976483", "https://www.youm7.com/story/2025/5/5/\u0635\u0628\u0631\u064a-\u0639\u0628\u062f-\u0627\u0644\u0645\u0646\u0639\u0645-\u062d\u0627\u0644\u062a\u0649-\u0645\u0633\u062a\u0642\u0631\u0629-\u0625\u0644\u0649-\u062d\u062f-\u0645\u0627-\u0648\u0643\u0644-\u0627\u0644\u0644\u0649/6976427", "https://www.youm7.com/story/2025/5/5/\u0627\u0644\u0631\u0626\u064a\u0633-\u0627\u0644\u0633\u064a\u0633\u0649-\u064a\u0633\u062a\u0642\u0628\u0644-\u0633\u064f\u0644\u0637\u0627\u0646-\u0627\u0644\u0628\u0647\u0631\u0629-\u0628\u0627\u0644\u0647\u0646\u062f-\u0648\u0623\u0646\u062c\u0627\u0644\u0647-\u0641\u064a\u062f\u064a\u0648/6976412", "https://www.youm7.com/rss/rss", "https://itunes.apple.com/eg/app/id989792325", "https://play.google.com/store/apps/details?id=com.youm7.news&hl=en", "https://appgallery.cloud.huawei.com/ag/n/app/C100093169?locale=en_US&source=appshare&subsource=C100093169", "https://www.youm7.com", "https://www.youm7.com/AboutUs", "https://www.youm7.com/privacy", "https://www.facebook.com/youm7", "https://twitter.com/youm7", "https://instagram.com/youm7", "https://www.youtube.com/user/mubasheryoum7", "https://www.clicksegypt.net/"]}