Title,Book_category,Star_rating,Price,Stock,Quantity
A Light in the Attic,Poetry,3,51.77,In stock,22
Tipping the Velvet,Historical Fiction,1,53.74,In stock,20
Soumission,Fiction,1,50.1,In stock,20
Sharp Objects,Mystery,4,47.82,In stock,20
Sapiens: A Brief History of Humankind,History,5,54.23,In stock,20
The Requiem Red,Young Adult,1,22.65,In stock,19
The Dirty Little Secrets of Getting Your Dream Job,Business,4,33.34,In stock,19
"The Coming Woman: A Novel Based on the Life of the Infamous Feminist, Victoria Woodhull",Default,3,17.93,In stock,19
The Boys in the Boat: Nine Americans and Their Epic Quest for Gold at the 1936 Berlin Olympics,Default,4,22.6,In stock,19
The Black Maria,Poetry,1,52.15,In stock,19
"Starving Hearts (Triangular Trade Trilogy, #1)",Default,2,13.99,In stock,19
Shakespeare's Sonnets,Poetry,4,20.66,In stock,19
Set Me Free,Young Adult,5,17.46,In stock,19
Scott Pilgrim's Precious Little Life (Scott Pilgrim #1),Sequential Art,5,52.29,In stock,19
Rip it Up and Start Again,Music,5,35.02,In stock,19
"Our Band Could Be Your Life: Scenes from the American Indie Underground, 1981-1991",Music,3,57.25,In stock,19
Olio,Poetry,1,23.88,In stock,19
Mesaerion: The Best Science Fiction Stories 1800-1849,Science Fiction,1,37.59,In stock,19
Libertarianism for Beginners,Politics,2,51.33,In stock,19
